customer_id,transaction_id,account_id,date,amount,name,merchant_name,payment_channel,pending,pfc_primary,pfc_detailed
cu_00001,txn_2b2df38b1fab1343f6f2,acc_c7c57e9122edfe7c0cf3,2025-08-01,-1384.56,DIRECT DEP DELTA AIR LINES PAY,,other,False,INCOME,INCOME_WAGES
cu_00001,txn_96aa40fa9a57190171f3,acc_c7c57e9122edfe7c0cf3,2025-08-01,95.71,WINCO FOODS 117,WinCo Foods,in store,False,FOOD_AND_DRINK,FOOD_AND_DRINK_GROCERIES
cu_00001,txn_0e0a8260bd886c144f20,acc_c7c57e9122edfe7c0cf3,2025-08-01,21.28,DOORDASH*ORDER,DoorDash,in store,False,FOOD_AND_DRINK,FOOD_AND_DRINK_RESTAURANT
cu_00001,txn_475af65b1a29ecc804d4,acc_c7c57e9122edfe7c0cf3,2025-08-01,46.73,STARBUCKS 800 S MAIN,Starbucks,in store,False,FOOD_AND_DRINK,FOOD_AND_DRINK_RESTAURANT
cu_00001,txn_f6a16bfb8548dacd44af,acc_c7c57e9122edfe7c0cf3,2025-08-01,10.46,DOORDASH*ORDER,DoorDash,in store,False,FOOD_AND_DRINK,FOOD_AND_DRINK_RESTAURANT
cu_00001,txn_f1c7d22f7fce0162544f,acc_c7c57e9122edfe7c0cf3,2025-08-02,57.76,SMITHS FOOD #44,Smith's,in store,False,FOOD_AND_DRINK,FOOD_AND_DRINK_GROCERIES
cu_00001,txn_35f53ef8a8c07824b7d7,acc_c7c57e9122edfe7c0cf3,2025-08-02,78.09,WAL-MART #1762,Walmart,in store,False,GENERAL_MERCHANDISE,GENERAL_MERCHANDISE_ONLINE_MARKETPLACES
cu_00001,txn_f6990611734afb581758,acc_c7c57e9122edfe7c0cf3,2025-08-03,1100.0,GREYSTAR PROP MGMT RENT,,other,False,RENT_AND_UTILITIES,RENT_AND_UTILITIES_RENT
cu_00001,txn_be37c4a8bae79cc39187,acc_c7c57e9122edfe7c0cf3,2025-08-03,59.01,STARBUCKS 800 S MAIN,Starbucks,in store,False,FOOD_AND_DRINK,FOOD_AND_DRINK_RESTAURANT
cu_00001,txn_f2040811bec0fad0e422,acc_c7c57e9122edfe7c0cf3,2025-08-05,21.08,CAFE RIO #23 SLC,Cafe Rio,in store,False,FOOD_AND_DRINK,FOOD_AND_DRINK_RESTAURANT
cu_00001,txn_c4005a3f50241aafdff3,acc_c7c57e9122edfe7c0cf3,2025-08-05,26.67,SHELL OIL 57444223,Shell,in store,False,TRANSPORTATION,TRANSPORTATION_GAS
cu_00001,txn_c8000984eebdaa1f6520,acc_c7c57e9122edfe7c0cf3,2025-08-06,45.61,EVEN STEVENS SANDW,Even Stevens,in store,False,FOOD_AND_DRINK,FOOD_AND_DRINK_RESTAURANT
cu_00001,txn_7d88e3cd893948dcb42b,acc_c7c57e9122edfe7c0cf3,2025-08-07,57.63,HARMONS - CITY CREEK,Harmons,in store,False,FOOD_AND_DRINK,FOOD_AND_DRINK_GROCERIES
cu_00001,txn_888814feb40cb2b3f6a6,acc_c7c57e9122edfe7c0cf3,2025-08-08,211.46,ROCKY MTN POWER,Rocky Mountain Power,online,False,RENT_AND_UTILITIES,RENT_AND_UTILITIES_GAS_AND_ELECTRICITY
cu_00001,txn_6188ffcbc58fc47fe30c,acc_c7c57e9122edfe7c0cf3,2025-08-09,35.96,SMITHS FOOD #44,Smith's,in store,False,FOOD_AND_DRINK,FOOD_AND_DRINK_GROCERIES
cu_00001,txn_34be0e305185dd8ad353,acc_c7c57e9122edfe7c0cf3,2025-08-11,32.27,EVEN STEVENS SANDW,Even Stevens,in store,False,FOOD_AND_DRINK,FOOD_AND_DRINK_RESTAURANT
cu_00001,txn_5e9fd6073655b078a76f,acc_c7c57e9122edfe7c0cf3,2025-08-12,128.85,COMCAST 8013539 UT,Xfinity,online,False,RENT_AND_UTILITIES,RENT_AND_UTILITIES_INTERNET_AND_CABLE
cu_00001,txn_3102a658a8b1c2d80ed3,acc_c7c57e9122edfe7c0cf3,2025-08-12,49.18,CHEVRON 0207754,Chevron,in store,False,TRANSPORTATION,TRANSPORTATION_GAS
cu_00001,txn_fd27f35c094a46ef0e51,acc_c7c57e9122edfe7c0cf3,2025-08-13,56.71,SHELL OIL 57444223,Shell,in store,False,TRANSPORTATION,TRANSPORTATION_GAS
cu_00001,txn_c3bfdf99001ba610187e,acc_c7c57e9122edfe7c0cf3,2025-08-15,-1335.15,DIRECT DEP DELTA AIR LINES PAY,,other,False,INCOME,INCOME_WAGES
cu_00001,txn_327539e1ce94e36bf57d,acc_c7c57e9122edfe7c0cf3,2025-08-15,22.9,MAVERIK #338,Maverik,in store,False,TRANSPORTATION,TRANSPORTATION_GAS
cu_00001,txn_5fabaa68eabd722aa964,acc_c7c57e9122edfe7c0cf3,2025-08-16,20.8,DOORDASH*ORDER,DoorDash,in store,False,FOOD_AND_DRINK,FOOD_AND_DRINK_RESTAURANT
cu_00001,txn_aa08036a8058ff2bee27,acc_c7c57e9122edfe7c0cf3,2025-08-17,581.1,CHASE CREDIT CRD EPAY,Chase,online,False,LOAN_PAYMENTS,LOAN_PAYMENTS_CREDIT_CARD_PAYMENT
cu_00001,txn_7201d947c553b2c5bfe0,acc_c7c57e9122edfe7c0cf3,2025-08-17,11.03,STARBUCKS 800 S MAIN,Starbucks,in store,False,FOOD_AND_DRINK,FOOD_AND_DRINK_RESTAURANT
cu_00001,txn_105f84d540081c8e28fb,acc_c7c57e9122edfe7c0cf3,2025-08-18,581.1,CHASE CREDIT CRD EPAY,Chase,online,False,LOAN_PAYMENTS,LOAN_PAYMENTS_CREDIT_CARD_PAYMENT
cu_00001,txn_e9e24e8fca614ca98214,acc_c7c57e9122edfe7c0cf3,2025-08-19,50.34,HOMEDEPOT.COM,The Home Depot,in store,False,GENERAL_MERCHANDISE,GENERAL_MERCHANDISE_ONLINE_MARKETPLACES
cu_00001,txn_bdd2bce4e6dd06a08737,acc_c7c57e9122edfe7c0cf3,2025-08-19,30.5,WAL-MART #1762,Walmart,in store,False,GENERAL_MERCHANDISE,GENERAL_MERCHANDISE_ONLINE_MARKETPLACES
cu_00001,txn_e724b30ff9704bc931c1,acc_c7c57e9122edfe7c0cf3,2025-08-23,38.5,CHICK-FIL-A #02281,Chick-fil-A,in store,False,FOOD_AND_DRINK,FOOD_AND_DRINK_RESTAURANT
cu_00001,txn_497ea3d30d906d2ec118,acc_c7c57e9122edfe7c0cf3,2025-08-25,34.77,AMZN MKTP US*2K3LP09Q1,Amazon,in store,False,GENERAL_MERCHANDISE,GENERAL_MERCHANDISE_ONLINE_MARKETPLACES
cu_00001,txn_a4dfcb3ab64a9b9ce3a3,acc_c7c57e9122edfe7c0cf3,2025-08-26,15.49,NETFLIX.COM,Netflix,online,False,ENTERTAINMENT,ENTERTAINMENT_TV_AND_MOVIES
cu_00001,txn_24a355ecc6a9394fb7b9,acc_c7c57e9122edfe7c0cf3,2025-08-26,11.99,SPOTIFY USA,Spotify,online,False,ENTERTAINMENT,ENTERTAINMENT_TV_AND_MOVIES
cu_00001,txn_e590c87e2a28fc0c615e,acc_c7c57e9122edfe7c0cf3,2025-08-26,17.99,HULU 877-8244858,Hulu,online,False,ENTERTAINMENT,ENTERTAINMENT_TV_AND_MOVIES
cu_00001,txn_50773b273ea92f08d3c4,acc_c7c57e9122edfe7c0cf3,2025-08-26,31.62,CAFE RIO #23 SLC,Cafe Rio,in store,False,FOOD_AND_DRINK,FOOD_AND_DRINK_RESTAURANT
cu_00001,txn_91394501fc5c14759352,acc_c7c57e9122edfe7c0cf3,2025-08-26,10.31,STARBUCKS 800 S MAIN,Starbucks,in store,False,FOOD_AND_DRINK,FOOD_AND_DRINK_RESTAURANT
cu_00001,txn_7619040aec7c3ba09df1,acc_c7c57e9122edfe7c0cf3,2025-08-26,20.2,MCDONALD'S F5821,McDonald's,in store,False,FOOD_AND_DRINK,FOOD_AND_DRINK_RESTAURANT
cu_00001,txn_bfee74f3d34a67fa73d6,acc_c7c57e9122edfe7c0cf3,2025-08-28,95.11,HARMONS - CITY CREEK,Harmons,in store,False,FOOD_AND_DRINK,FOOD_AND_DRINK_GROCERIES
cu_00001,txn_614970a4fc75e8197ca8,acc_c7c57e9122edfe7c0cf3,2025-09-01,-1499.96,DIRECT DEP DELTA AIR LINES PAY,,other,False,INCOME,INCOME_WAGES
cu_00001,txn_788b221a8a7cf23eeee7,acc_c7c57e9122edfe7c0cf3,2025-09-01,30.42,OLD NAVY US 5341,Old Navy,in store,False,GENERAL_MERCHANDISE,GENERAL_MERCHANDISE_ONLINE_MARKETPLACES
cu_00001,txn_f8c46dfea4d21fd1dc59,acc_c7c57e9122edfe7c0cf3,2025-09-02,11.07,CAFE RIO #23 SLC,Cafe Rio,in store,False,FOOD_AND_DRINK,FOOD_AND_DRINK_RESTAURANT
cu_00001,txn_edb3871d0ef5bd76feb6,acc_c7c57e9122edfe7c0cf3,2025-09-02,176.0,TARGET 0002132 SLC,Target,in store,False,GENERAL_MERCHANDISE,GENERAL_MERCHANDISE_ONLINE_MARKETPLACES
cu_00001,txn_e0a4c9451628151d9b6e,acc_c7c57e9122edfe7c0cf3,2025-09-03,1100.0,GREYSTAR PROP MGMT RENT,,other,False,RENT_AND_UTILITIES,RENT_AND_UTILITIES_RENT
cu_00001,txn_70008a26009fa05f4e6a,acc_c7c57e9122edfe7c0cf3,2025-09-03,62.5,TRADER JOE S #612,Trader Joe's,in store,False,FOOD_AND_DRINK,FOOD_AND_DRINK_GROCERIES
cu_00001,txn_257b2c8d09f8c9cbb428,acc_c7c57e9122edfe7c0cf3,2025-09-03,44.84,HOMEDEPOT.COM,The Home Depot,in store,False,GENERAL_MERCHANDISE,GENERAL_MERCHANDISE_ONLINE_MARKETPLACES
cu_00001,txn_e814aae6326d6119ff84,acc_c7c57e9122edfe7c0cf3,2025-09-03,27.09,AMZN MKTP US*2K3LP09Q1,Amazon,in store,False,GENERAL_MERCHANDISE,GENERAL_MERCHANDISE_ONLINE_MARKETPLACES
cu_00001,txn_409265dddfc8fc45ec0d,acc_c7c57e9122edfe7c0cf3,2025-09-07,48.66,MCDONALD'S F5821,McDonald's,in store,False,FOOD_AND_DRINK,FOOD_AND_DRINK_RESTAURANT
cu_00001,txn_1867edeb3ac5e24c9547,acc_c7c57e9122edfe7c0cf3,2025-09-08,126.06,ROCKY MTN POWER,Rocky Mountain Power,online,False,RENT_AND_UTILITIES,RENT_AND_UTILITIES_GAS_AND_ELECTRICITY
cu_00001,txn_957253776ef706a791a5,acc_c7c57e9122edfe7c0cf3,2025-09-08,73.06,COSTCO WHSE #0683,Costco,in store,False,FOOD_AND_DRINK,FOOD_AND_DRINK_GROCERIES
cu_00001,txn_d31e8fe1109a6d4c4c4e,acc_c7c57e9122edfe7c0cf3,2025-09-10,8.44,DOORDASH*ORDER,DoorDash,in store,False,FOOD_AND_DRINK,FOOD_AND_DRINK_RESTAURANT
cu_00001,txn_ccb8111c9ac99f3ffcc4,acc_c7c57e9122edfe7c0cf3,2025-09-10,12.44,DOORDASH*ORDER,DoorDash,in store,False,FOOD_AND_DRINK,FOOD_AND_DRINK_RESTAURANT
cu_00001,txn_db29200230d2c2784829,acc_c7c57e9122edfe7c0cf3,2025-09-11,52.07,HARMONS - CITY CREEK,Harmons,in store,False,FOOD_AND_DRINK,FOOD_AND_DRINK_GROCERIES
cu_00001,txn_a71b67f37b3d0c20d723,acc_c7c57e9122edfe7c0cf3,2025-09-11,38.67,CAFE RIO #23 SLC,Cafe Rio,in store,False,FOOD_AND_DRINK,FOOD_AND_DRINK_RESTAURANT
cu_00001,txn_e1a593dfdad4ae551f1f,acc_c7c57e9122edfe7c0cf3,2025-09-11,9.21,EVEN STEVENS SANDW,Even Stevens,in store,False,FOOD_AND_DRINK,FOOD_AND_DRINK_RESTAURANT
cu_00001,txn_ac18805add59e34ccb42,acc_c7c57e9122edfe7c0cf3,2025-09-11,58.21,OLD NAVY US 5341,Old Navy,in store,False,GENERAL_MERCHANDISE,GENERAL_MERCHANDISE_ONLINE_MARKETPLACES
cu_00001,txn_0f7e1d739f38faf26c47,acc_c7c57e9122edfe7c0cf3,2025-09-12,76.55,COMCAST 8013539 UT,Xfinity,online,False,RENT_AND_UTILITIES,RENT_AND_UTILITIES_INTERNET_AND_CABLE
cu_00001,txn_193a33b6e258a4584cb6,acc_c7c57e9122edfe7c0cf3,2025-09-15,-1542.63,DIRECT DEP DELTA AIR LINES PAY,,other,False,INCOME,INCOME_WAGES
cu_00001,txn_2c980789398ce413e5cb,acc_c7c57e9122edfe7c0cf3,2025-09-16,14.47,DOORDASH*ORDER,DoorDash,in store,False,FOOD_AND_DRINK,FOOD_AND_DRINK_RESTAURANT
cu_00001,txn_a7027254b4c238b7aa59,acc_c7c57e9122edfe7c0cf3,2025-09-17,632.48,CHASE CREDIT CRD EPAY,Chase,online,False,LOAN_PAYMENTS,LOAN_PAYMENTS_CREDIT_CARD_PAYMENT
cu_00001,txn_7694361ea5aa8270d422,acc_c7c57e9122edfe7c0cf3,2025-09-18,23.45,EVEN STEVENS SANDW,Even Stevens,in store,False,FOOD_AND_DRINK,FOOD_AND_DRINK_RESTAURANT
cu_00001,txn_d8abeb9114b511ec2b81,acc_c7c57e9122edfe7c0cf3,2025-09-19,58.2,COSTCO WHSE #0683,Costco,in store,False,FOOD_AND_DRINK,FOOD_AND_DRINK_GROCERIES
cu_00001,txn_06a8800ba4b9e543ebf0,acc_c7c57e9122edfe7c0cf3,2025-09-19,44.91,CHEVRON 0207754,Chevron,in store,False,TRANSPORTATION,TRANSPORTATION_GAS
cu_00001,txn_f8de7a0e31e86b16c0d5,acc_c7c57e9122edfe7c0cf3,2025-09-19,26.84,SHELL OIL 57444223,Shell,in store,False,TRANSPORTATION,TRANSPORTATION_GAS
cu_00001,txn_13cd007d9aca9152dc90,acc_c7c57e9122edfe7c0cf3,2025-09-20,39.16,MCDONALD'S F5821,McDonald's,in store,False,FOOD_AND_DRINK,FOOD_AND_DRINK_RESTAURANT
cu_00001,txn_79eb64483f251e9cd6aa,acc_c7c57e9122edfe7c0cf3,2025-09-20,53.89,AMAZON.COM*M23H88,Amazon,in store,False,GENERAL_MERCHANDISE,GENERAL_MERCHANDISE_ONLINE_MARKETPLACES
cu_00001,txn_1ea5dedb12f5cb4e5e24,acc_c7c57e9122edfe7c0cf3,2025-09-21,47.96,SHELL OIL 57444223,Shell,in store,False,TRANSPORTATION,TRANSPORTATION_GAS
cu_00001,txn_044e21521caa5ecef66f,acc_c7c57e9122edfe7c0cf3,2025-09-22,31.49,MAVERIK #338,Maverik,in store,False,TRANSPORTATION,TRANSPORTATION_GAS
cu_00001,txn_2866c928695bad8e1f2b,acc_c7c57e9122edfe7c0cf3,2025-09-23,42.42,DOORDASH*ORDER,DoorDash,in store,False,FOOD_AND_DRINK,FOOD_AND_DRINK_RESTAURANT
cu_00001,txn_088b847f600a80cc7402,acc_c7c57e9122edfe7c0cf3,2025-09-25,12.12,DOORDASH*ORDER,DoorDash,in store,False,FOOD_AND_DRINK,FOOD_AND_DRINK_RESTAURANT
cu_00001,txn_6434152370362e7ac3f0,acc_c7c57e9122edfe7c0cf3,2025-09-26,15.49,NETFLIX.COM,Netflix,online,False,ENTERTAINMENT,ENTERTAINMENT_TV_AND_MOVIES
cu_00001,txn_674984b15815ffe7e5ea,acc_c7c57e9122edfe7c0cf3,2025-09-26,11.99,SPOTIFY USA,Spotify,online,False,ENTERTAINMENT,ENTERTAINMENT_TV_AND_MOVIES
cu_00001,txn_846ac5056918881c5162,acc_c7c57e9122edfe7c0cf3,2025-09-26,17.99,HULU 877-8244858,Hulu,online,False,ENTERTAINMENT,ENTERTAINMENT_TV_AND_MOVIES
cu_00001,txn_70c14faf51fc465642aa,acc_c7c57e9122edfe7c0cf3,2025-09-26,867.25,U OF U HEALTH BILLPAY,University of Utah Health,online,False,MEDICAL,MEDICAL_OTHER_MEDICAL
cu_00001,txn_24f6cb678dc2e79de221,acc_c7c57e9122edfe7c0cf3,2025-09-26,34.0,OVERDRAFT ITEM FEE,,other,False,BANK_FEES,BANK_FEES_OVERDRAFT_FEES
cu_00001,txn_3e14728b3a80de1bc438,acc_c7c57e9122edfe7c0cf3,2025-09-26,-299.78,CASH DEPOSIT BRANCH 0114,,other,False,TRANSFER_IN,TRANSFER_IN_DEPOSIT
cu_00001,txn_5aeb8a7e7ebc9fe90a69,acc_c7c57e9122edfe7c0cf3,2025-09-27,78.84,WAL-MART #1762,Walmart,in store,False,GENERAL_MERCHANDISE,GENERAL_MERCHANDISE_ONLINE_MARKETPLACES
cu_00001,txn_8a913e48ccb356dd0fa6,acc_c7c57e9122edfe7c0cf3,2025-09-27,34.0,OVERDRAFT ITEM FEE,,other,False,BANK_FEES,BANK_FEES_OVERDRAFT_FEES
cu_00001,txn_3b77c864649ddd5c901c,acc_c7c57e9122edfe7c0cf3,2025-10-01,-1393.92,DIRECT DEP DELTA AIR LINES PAY,,other,False,INCOME,INCOME_WAGES
cu_00001,txn_095cea943df5274954b8,acc_c7c57e9122edfe7c0cf3,2025-10-02,15.44,CHICK-FIL-A #02281,Chick-fil-A,in store,False,FOOD_AND_DRINK,FOOD_AND_DRINK_RESTAURANT
cu_00001,txn_2224d5e6172d1cff9524,acc_c7c57e9122edfe7c0cf3,2025-10-03,1100.0,GREYSTAR PROP MGMT RENT,,other,False,RENT_AND_UTILITIES,RENT_AND_UTILITIES_RENT
cu_00001,txn_74166a6b8a49a20caf7d,acc_c7c57e9122edfe7c0cf3,2025-10-03,15.44,CHICK-FIL-A #02281,Chick-fil-A,in store,False,FOOD_AND_DRINK,FOOD_AND_DRINK_RESTAURANT
cu_00001,txn_5ea7016e58abfa173c3c,acc_c7c57e9122edfe7c0cf3,2025-10-06,40.65,WINCO FOODS 117,WinCo Foods,in store,False,FOOD_AND_DRINK,FOOD_AND_DRINK_GROCERIES
cu_00001,txn_9531f9efa912a5318222,acc_c7c57e9122edfe7c0cf3,2025-10-07,99.99,WINCO FOODS 117,WinCo Foods,in store,False,FOOD_AND_DRINK,FOOD_AND_DRINK_GROCERIES
cu_00001,txn_aed0d8de72c59b51d2ad,acc_c7c57e9122edfe7c0cf3,2025-10-08,242.65,ROCKY MTN POWER,Rocky Mountain Power,online,False,RENT_AND_UTILITIES,RENT_AND_UTILITIES_GAS_AND_ELECTRICITY
cu_00001,txn_6ab93e4fec364bd2cf52,acc_c7c57e9122edfe7c0cf3,2025-10-08,22.24,WAL-MART #1762,Walmart,in store,False,GENERAL_MERCHANDISE,GENERAL_MERCHANDISE_ONLINE_MARKETPLACES
cu_00001,txn_a6adbf223a78302df9ce,acc_c7c57e9122edfe7c0cf3,2025-10-08,42.84,AMZN MKTP US*2K3LP09Q1,Amazon,in store,False,GENERAL_MERCHANDISE,GENERAL_MERCHANDISE_ONLINE_MARKETPLACES
cu_00001,txn_badace643af0678f61f8,acc_c7c57e9122edfe7c0cf3,2025-10-08,34.0,OVERDRAFT ITEM FEE,,other,False,BANK_FEES,BANK_FEES_OVERDRAFT_FEES
cu_00001,txn_780ff53a5d07735b62eb,acc_c7c57e9122edfe7c0cf3,2025-10-08,-430.74,CASH DEPOSIT BRANCH 0114,,other,False,TRANSFER_IN,TRANSFER_IN_DEPOSIT
cu_00001,txn_8bbe61d2c6e3a0517e1f,acc_c7c57e9122edfe7c0cf3,2025-10-12,67.62,COMCAST 8013539 UT,Xfinity,online,False,RENT_AND_UTILITIES,RENT_AND_UTILITIES_INTERNET_AND_CABLE
cu_00001,txn_85671d1ade010ef58c9f,acc_c7c57e9122edfe7c0cf3,2025-10-14,20.89,DOORDASH*ORDER,DoorDash,in store,False,FOOD_AND_DRINK,FOOD_AND_DRINK_RESTAURANT
cu_00001,txn_e18078c381e8ddcd20a2,acc_c7c57e9122edfe7c0cf3,2025-10-15,-1411.62,DIRECT DEP DELTA AIR LINES PAY,,other,False,INCOME,INCOME_WAGES
cu_00001,txn_d89faebc2507ac170bd7,acc_c7c57e9122edfe7c0cf3,2025-10-16,41.03,MAVERIK #338,Maverik,in store,False,TRANSPORTATION,TRANSPORTATION_GAS
cu_00001,txn_ebde9e29b9e48ee8a27d,acc_c7c57e9122edfe7c0cf3,2025-10-16,39.15,CHEVRON 0207754,Chevron,in store,False,TRANSPORTATION,TRANSPORTATION_GAS
cu_00001,txn_61d75ce2ca94114d6de1,acc_c7c57e9122edfe7c0cf3,2025-10-17,689.26,CHASE CREDIT CRD EPAY,Chase,online,False,LOAN_PAYMENTS,LOAN_PAYMENTS_CREDIT_CARD_PAYMENT
cu_00001,txn_a8e41ae66720f0b8f94d,acc_c7c57e9122edfe7c0cf3,2025-10-17,26.69,CHEVRON 0207754,Chevron,in store,False,TRANSPORTATION,TRANSPORTATION_GAS
cu_00001,txn_4539fd4582051e0a9d1d,acc_c7c57e9122edfe7c0cf3,2025-10-19,78.17,CHEVRON 0207754,Chevron,in store,False,TRANSPORTATION,TRANSPORTATION_GAS
cu_00001,txn_618f001240b3475f1df5,acc_c7c57e9122edfe7c0cf3,2025-10-19,33.73,CHEVRON 0207754,Chevron,in store,False,TRANSPORTATION,TRANSPORTATION_GAS
cu_00001,txn_8f1ef289060596afca69,acc_c7c57e9122edfe7c0cf3,2025-10-20,195.21,WAL-MART #1762,Walmart,in store,False,GENERAL_MERCHANDISE,GENERAL_MERCHANDISE_ONLINE_MARKETPLACES
cu_00001,txn_12b553bd4d9d0baf50b6,acc_c7c57e9122edfe7c0cf3,2025-10-20,39.64,AMAZON.COM*M23H88,Amazon,in store,False,GENERAL_MERCHANDISE,GENERAL_MERCHANDISE_ONLINE_MARKETPLACES
cu_00001,txn_51e3026c7d8ed51ddfc7,acc_c7c57e9122edfe7c0cf3,2025-10-20,54.16,MAVERIK #338,Maverik,in store,False,TRANSPORTATION,TRANSPORTATION_GAS
cu_00001,txn_e5fb22e971e28056d68f,acc_c7c57e9122edfe7c0cf3,2025-10-21,101.29,TRADER JOE S #612,Trader Joe's,in store,False,FOOD_AND_DRINK,FOOD_AND_DRINK_GROCERIES
cu_00001,txn_bad08cac2dd8d6282f95,acc_c7c57e9122edfe7c0cf3,2025-10-21,12.45,CAFE RIO #23 SLC,Cafe Rio,in store,False,FOOD_AND_DRINK,FOOD_AND_DRINK_RESTAURANT
cu_00001,txn_0ab196793a1386d0468f,acc_c7c57e9122edfe7c0cf3,2025-10-21,53.1,SHELL OIL 57444223,Shell,in store,False,TRANSPORTATION,TRANSPORTATION_GAS
cu_00001,txn_0e0b1e72585d9df592f2,acc_c7c57e9122edfe7c0cf3,2025-10-22,41.96,WINCO FOODS 117,WinCo Foods,in store,False,FOOD_AND_DRINK,FOOD_AND_DRINK_GROCERIES
cu_00001,txn_df5601e5e884e0b1d643,acc_c7c57e9122edfe7c0cf3,2025-10-24,88.15,WAL-MART #1762,Walmart,in store,False,GENERAL_MERCHANDISE,GENERAL_MERCHANDISE_ONLINE_MARKETPLACES
cu_00001,txn_79e24c28f62bc92ff5ca,acc_c7c57e9122edfe7c0cf3,2025-10-24,22.21,CHEVRON 0207754,Chevron,in store,False,TRANSPORTATION,TRANSPORTATION_GAS
cu_00001,txn_b6f1be8fa76c11328eb4,acc_c7c57e9122edfe7c0cf3,2025-10-24,34.0,OVERDRAFT ITEM FEE,,other,False,BANK_FEES,BANK_FEES_OVERDRAFT_FEES
cu_00001,txn_6cdc0f13119320558acc,acc_c7c57e9122edfe7c0cf3,2025-10-26,15.49,NETFLIX.COM,Netflix,online,False,ENTERTAINMENT,ENTERTAINMENT_TV_AND_MOVIES
cu_00001,txn_7a470463743b6074511b,acc_c7c57e9122edfe7c0cf3,2025-10-26,11.99,SPOTIFY USA,Spotify,online,False,ENTERTAINMENT,ENTERTAINMENT_TV_AND_MOVIES
cu_00001,txn_91293ef1c49d09cf9c44,acc_c7c57e9122edfe7c0cf3,2025-10-26,17.99,HULU 877-8244858,Hulu,online,False,ENTERTAINMENT,ENTERTAINMENT_TV_AND_MOVIES
cu_00001,txn_08bd4a734e2aa084ce91,acc_c7c57e9122edfe7c0cf3,2025-10-30,49.66,COSTCO WHSE #0683,Costco,in store,False,FOOD_AND_DRINK,FOOD_AND_DRINK_GROCERIES
cu_00001,txn_d0e6b7826e641376bffd,acc_c7c57e9122edfe7c0cf3,2025-11-01,-1640.32,DIRECT DEP DELTA AIR LINES PAY,,other,False,INCOME,INCOME_WAGES
cu_00001,txn_0478f8a0ae284fc59c48,acc_c7c57e9122edfe7c0cf3,2025-11-02,39.07,AMAZON.COM*M23H88,Amazon,in store,False,GENERAL_MERCHANDISE,GENERAL_MERCHANDISE_ONLINE_MARKETPLACES
cu_00001,txn_1295d916c0f9e8dfce13,acc_c7c57e9122edfe7c0cf3,2025-11-03,1100.0,GREYSTAR PROP MGMT RENT,,other,False,RENT_AND_UTILITIES,RENT_AND_UTILITIES_RENT
cu_00001,txn_61679cfacdcf52ea44e4,acc_c7c57e9122edfe7c0cf3,2025-11-03,24.63,CHICK-FIL-A #02281,Chick-fil-A,in store,False,FOOD_AND_DRINK,FOOD_AND_DRINK_RESTAURANT
cu_00001,txn_5558ea0a22ce218ae139,acc_c7c57e9122edfe7c0cf3,2025-11-03,98.31,AMAZON.COM*M23H88,Amazon,in store,False,GENERAL_MERCHANDISE,GENERAL_MERCHANDISE_ONLINE_MARKETPLACES
cu_00001,txn_10cbd78ba1770e76c532,acc_c7c57e9122edfe7c0cf3,2025-11-04,23.38,WAL-MART #1762,Walmart,in store,False,GENERAL_MERCHANDISE,GENERAL_MERCHANDISE_ONLINE_MARKETPLACES
cu_00001,txn_0ddb79c5307af314f724,acc_c7c57e9122edfe7c0cf3,2025-11-06,42.06,TRADER JOE S #612,Trader Joe's,in store,False,FOOD_AND_DRINK,FOOD_AND_DRINK_GROCERIES
cu_00001,txn_ac719c79bf805287f82d,acc_c7c57e9122edfe7c0cf3,2025-11-07,48.4,EVEN STEVENS SANDW,Even Stevens,in store,False,FOOD_AND_DRINK,FOOD_AND_DRINK_RESTAURANT
cu_00001,txn_b5862441be0fc971fc25,acc_c7c57e9122edfe7c0cf3,2025-11-08,219.88,ROCKY MTN POWER,Rocky Mountain Power,online,False,RENT_AND_UTILITIES,RENT_AND_UTILITIES_GAS_AND_ELECTRICITY
cu_00001,txn_eea502a3e10154a0b387,acc_c7c57e9122edfe7c0cf3,2025-11-08,34.0,OVERDRAFT ITEM FEE,,other,False,BANK_FEES,BANK_FEES_OVERDRAFT_FEES
cu_00001,txn_3f123f0a5b77a0e6cd86,acc_c7c57e9122edfe7c0cf3,2025-11-10,25.74,DOORDASH*ORDER,DoorDash,in store,False,FOOD_AND_DRINK,FOOD_AND_DRINK_RESTAURANT
cu_00001,txn_d4e62becf04fc108cdc8,acc_c7c57e9122edfe7c0cf3,2025-11-12,134.47,COMCAST 8013539 UT,Xfinity,online,False,RENT_AND_UTILITIES,RENT_AND_UTILITIES_INTERNET_AND_CABLE
cu_00001,txn_02558319a9c2ef25f6f2,acc_c7c57e9122edfe7c0cf3,2025-11-12,34.0,OVERDRAFT ITEM FEE,,other,False,BANK_FEES,BANK_FEES_OVERDRAFT_FEES
cu_00001,txn_3fefa9d45f75134988f0,acc_c7c57e9122edfe7c0cf3,2025-11-12,-439.39,CASH DEPOSIT BRANCH 0114,,other,False,TRANSFER_IN,TRANSFER_IN_DEPOSIT
cu_00001,txn_350618eb69e010a5d312,acc_c7c57e9122edfe7c0cf3,2025-11-15,-1621.14,DIRECT DEP DELTA AIR LINES PAY,,other,False,INCOME,INCOME_WAGES
cu_00001,txn_c15804645d47f7e24211,acc_c7c57e9122edfe7c0cf3,2025-11-17,628.76,CHASE CREDIT CRD EPAY,Chase,online,False,LOAN_PAYMENTS,LOAN_PAYMENTS_CREDIT_CARD_PAYMENT
cu_00001,txn_a2d1e7c3a4ca3ceb6046,acc_c7c57e9122edfe7c0cf3,2025-11-17,42.76,SHELL OIL 57444223,Shell,in store,False,TRANSPORTATION,TRANSPORTATION_GAS
cu_00001,txn_868ec0ce8b2bdd0396b3,acc_c7c57e9122edfe7c0cf3,2025-11-20,40.42,SMITHS FOOD #44,Smith's,in store,False,FOOD_AND_DRINK,FOOD_AND_DRINK_GROCERIES
cu_00001,txn_0ba8b56cf9f858769736,acc_c7c57e9122edfe7c0cf3,2025-11-23,14.19,DOORDASH*ORDER,DoorDash,in store,False,FOOD_AND_DRINK,FOOD_AND_DRINK_RESTAURANT
cu_00001,txn_e42d19d17b156463b600,acc_c7c57e9122edfe7c0cf3,2025-11-24,29.37,WAL-MART #1762,Walmart,in store,False,GENERAL_MERCHANDISE,GENERAL_MERCHANDISE_ONLINE_MARKETPLACES
cu_00001,txn_af9994b75926a3781299,acc_c7c57e9122edfe7c0cf3,2025-11-25,37.88,SMITHS FOOD #44,Smith's,in store,False,FOOD_AND_DRINK,FOOD_AND_DRINK_GROCERIES
cu_00001,txn_8787e654304dda21163c,acc_c7c57e9122edfe7c0cf3,2025-11-26,15.49,NETFLIX.COM,Netflix,online,False,ENTERTAINMENT,ENTERTAINMENT_TV_AND_MOVIES
cu_00001,txn_175bced77b5f3677cfac,acc_c7c57e9122edfe7c0cf3,2025-11-26,11.99,SPOTIFY USA,Spotify,online,False,ENTERTAINMENT,ENTERTAINMENT_TV_AND_MOVIES
cu_00001,txn_2b8951621165a288a87d,acc_c7c57e9122edfe7c0cf3,2025-11-26,17.99,HULU 877-8244858,Hulu,online,False,ENTERTAINMENT,ENTERTAINMENT_TV_AND_MOVIES
cu_00001,txn_ace897f88ba86532dbc3,acc_c7c57e9122edfe7c0cf3,2025-11-27,82.57,HARMONS - CITY CREEK,Harmons,in store,False,FOOD_AND_DRINK,FOOD_AND_DRINK_GROCERIES
cu_00001,txn_748774e78203f0ddfe0a,acc_c7c57e9122edfe7c0cf3,2025-11-28,41.56,MAVERIK #338,Maverik,in store,False,TRANSPORTATION,TRANSPORTATION_GAS
cu_00001,txn_48771ae123b9e10e813d,acc_c7c57e9122edfe7c0cf3,2025-11-30,87.42,TARGET 0002132 SLC,Target,in store,False,GENERAL_MERCHANDISE,GENERAL_MERCHANDISE_ONLINE_MARKETPLACES
cu_00001,txn_4a62cac0d4a0ef705237,acc_c7c57e9122edfe7c0cf3,2025-12-01,-1474.72,DIRECT DEP DELTA AIR LINES PAY,,other,False,INCOME,INCOME_WAGES
cu_00001,txn_45a2ea23717412e8138b,acc_c7c57e9122edfe7c0cf3,2025-12-01,49.95,HOMEDEPOT.COM,The Home Depot,in store,False,GENERAL_MERCHANDISE,GENERAL_MERCHANDISE_ONLINE_MARKETPLACES
cu_00001,txn_8e395038e1d19de449df,acc_c7c57e9122edfe7c0cf3,2025-12-03,1100.0,GREYSTAR PROP MGMT RENT,,other,False,RENT_AND_UTILITIES,RENT_AND_UTILITIES_RENT
cu_00001,txn_cc3aa32ac8402110ebd7,acc_c7c57e9122edfe7c0cf3,2025-12-04,70.58,CAFE RIO #23 SLC,Cafe Rio,in store,False,FOOD_AND_DRINK,FOOD_AND_DRINK_RESTAURANT
cu_00001,txn_7aa51a421749c5719873,acc_c7c57e9122edfe7c0cf3,2025-12-06,25.87,SHELL OIL 57444223,Shell,in store,False,TRANSPORTATION,TRANSPORTATION_GAS
cu_00001,txn_531a6d306f82f6db68ba,acc_c7c57e9122edfe7c0cf3,2025-12-07,71.45,WINCO FOODS 117,WinCo Foods,in store,False,FOOD_AND_DRINK,FOOD_AND_DRINK_GROCERIES
cu_00001,txn_f07c183da9a53d29a214,acc_c7c57e9122edfe7c0cf3,2025-12-08,131.59,ROCKY MTN POWER,Rocky Mountain Power,online,False,RENT_AND_UTILITIES,RENT_AND_UTILITIES_GAS_AND_ELECTRICITY
cu_00001,txn_c8b0050d9a581b5ff731,acc_c7c57e9122edfe7c0cf3,2025-12-09,101.41,WAL-MART #1762,Walmart,in store,False,GENERAL_MERCHANDISE,GENERAL_MERCHANDISE_ONLINE_MARKETPLACES
cu_00001,txn_536ca888b3fa3f35fee8,acc_c7c57e9122edfe7c0cf3,2025-12-10,13.4,EVEN STEVENS SANDW,Even Stevens,in store,False,FOOD_AND_DRINK,FOOD_AND_DRINK_RESTAURANT
cu_00001,txn_bb8759b280bc98a80c88,acc_c7c57e9122edfe7c0cf3,2025-12-10,18.61,MCDONALD'S F5821,McDonald's,in store,False,FOOD_AND_DRINK,FOOD_AND_DRINK_RESTAURANT
cu_00001,txn_0c88e416af4aee6ef61e,acc_c7c57e9122edfe7c0cf3,2025-12-11,33.15,CHICK-FIL-A #02281,Chick-fil-A,in store,False,FOOD_AND_DRINK,FOOD_AND_DRINK_RESTAURANT
cu_00001,txn_1b0b35603d7071825c41,acc_c7c57e9122edfe7c0cf3,2025-12-12,108.54,COMCAST 8013539 UT,Xfinity,online,False,RENT_AND_UTILITIES,RENT_AND_UTILITIES_INTERNET_AND_CABLE
cu_00001,txn_003d24ca9a514ae9d68d,acc_c7c57e9122edfe7c0cf3,2025-12-12,38.03,CHEVRON 0207754,Chevron,in store,False,TRANSPORTATION,TRANSPORTATION_GAS
cu_00001,txn_ebe5316b6d5f571862bf,acc_c7c57e9122edfe7c0cf3,2025-12-15,-1475.44,DIRECT DEP DELTA AIR LINES PAY,,other,False,INCOME,INCOME_WAGES
cu_00001,txn_0c280078c0b5ad38d457,acc_c7c57e9122edfe7c0cf3,2025-12-16,69.22,SMITHS FOOD #44,Smith's,in store,False,FOOD_AND_DRINK,FOOD_AND_DRINK_GROCERIES
cu_00001,txn_82803013e0c547ec9d37,acc_c7c57e9122edfe7c0cf3,2025-12-17,632.29,CHASE CREDIT CRD EPAY,Chase,online,False,LOAN_PAYMENTS,LOAN_PAYMENTS_CREDIT_CARD_PAYMENT
cu_00001,txn_627921c56155b81b356f,acc_c7c57e9122edfe7c0cf3,2025-12-17,32.46,MAVERIK #338,Maverik,in store,False,TRANSPORTATION,TRANSPORTATION_GAS
cu_00001,txn_67d545074b68ce699dd7,acc_c7c57e9122edfe7c0cf3,2025-12-18,90.81,HARMONS - CITY CREEK,Harmons,in store,False,FOOD_AND_DRINK,FOOD_AND_DRINK_GROCERIES
cu_00001,txn_9d6df046ab3ee9be0370,acc_c7c57e9122edfe7c0cf3,2025-12-18,55.68,CAFE RIO #23 SLC,Cafe Rio,in store,False,FOOD_AND_DRINK,FOOD_AND_DRINK_RESTAURANT
cu_00001,txn_4b3c6bba9b447cd83eec,acc_c7c57e9122edfe7c0cf3,2025-12-19,80.22,EVEN STEVENS SANDW,Even Stevens,in store,False,FOOD_AND_DRINK,FOOD_AND_DRINK_RESTAURANT
cu_00001,txn_ab338a2e483557d224b5,acc_c7c57e9122edfe7c0cf3,2025-12-20,50.13,COSTCO WHSE #0683,Costco,in store,False,FOOD_AND_DRINK,FOOD_AND_DRINK_GROCERIES
cu_00001,txn_42b37c657921f52e0945,acc_c7c57e9122edfe7c0cf3,2025-12-20,174.65,AMZN MKTP US*2K3LP09Q1,Amazon,in store,False,GENERAL_MERCHANDISE,GENERAL_MERCHANDISE_ONLINE_MARKETPLACES
cu_00001,txn_a47de7e0ddad33390408,acc_c7c57e9122edfe7c0cf3,2025-12-20,37.66,SHELL OIL 57444223,Shell,in store,False,TRANSPORTATION,TRANSPORTATION_GAS
cu_00001,txn_fbf8aafe9dd3e7028e67,acc_c7c57e9122edfe7c0cf3,2025-12-22,45.65,COSTCO WHSE #0683,Costco,in store,False,FOOD_AND_DRINK,FOOD_AND_DRINK_GROCERIES
cu_00001,txn_f2bd6ee7869f231be378,acc_c7c57e9122edfe7c0cf3,2025-12-24,28.53,AMAZON.COM*M23H88,Amazon,in store,False,GENERAL_MERCHANDISE,GENERAL_MERCHANDISE_ONLINE_MARKETPLACES
cu_00001,txn_9c91341f27098cb5c21f,acc_c7c57e9122edfe7c0cf3,2025-12-25,44.09,COSTCO WHSE #0683,Costco,in store,False,FOOD_AND_DRINK,FOOD_AND_DRINK_GROCERIES
cu_00001,txn_5798fbf10393a7393083,acc_c7c57e9122edfe7c0cf3,2025-12-26,15.49,NETFLIX.COM,Netflix,online,False,ENTERTAINMENT,ENTERTAINMENT_TV_AND_MOVIES
cu_00001,txn_3f248ec3a78847b7bc2a,acc_c7c57e9122edfe7c0cf3,2025-12-26,11.99,SPOTIFY USA,Spotify,online,False,ENTERTAINMENT,ENTERTAINMENT_TV_AND_MOVIES
cu_00001,txn_1ab2fe6b99f35aee423c,acc_c7c57e9122edfe7c0cf3,2025-12-26,17.99,HULU 877-8244858,Hulu,online,False,ENTERTAINMENT,ENTERTAINMENT_TV_AND_MOVIES
cu_00001,txn_90f41fb5dc05fedff9fe,acc_c7c57e9122edfe7c0cf3,2025-12-28,25.88,CHICK-FIL-A #02281,Chick-fil-A,in store,False,FOOD_AND_DRINK,FOOD_AND_DRINK_RESTAURANT
cu_00001,txn_baef9df08ff912d91290,acc_c7c57e9122edfe7c0cf3,2025-12-28,37.71,OLD NAVY US 5341,Old Navy,in store,False,GENERAL_MERCHANDISE,GENERAL_MERCHANDISE_ONLINE_MARKETPLACES
cu_00001,txn_626ac69e15c017d0c78b,acc_c7c57e9122edfe7c0cf3,2025-12-29,131.4,HARMONS - CITY CREEK,Harmons,in store,False,FOOD_AND_DRINK,FOOD_AND_DRINK_GROCERIES
cu_00001,txn_a75c9b39130a4bbe097a,acc_c7c57e9122edfe7c0cf3,2025-12-29,90.98,SMITHS FOOD #44,Smith's,in store,False,FOOD_AND_DRINK,FOOD_AND_DRINK_GROCERIES
cu_00001,txn_6d9a5397c8ae2878ef61,acc_c7c57e9122edfe7c0cf3,2025-12-29,13.51,DOORDASH*ORDER,DoorDash,in store,False,FOOD_AND_DRINK,FOOD_AND_DRINK_RESTAURANT
cu_00001,txn_72a4b0e2a642299bd093,acc_c7c57e9122edfe7c0cf3,2025-12-31,14.58,CAFE RIO #23 SLC,Cafe Rio,in store,False,FOOD_AND_DRINK,FOOD_AND_DRINK_RESTAURANT
cu_00001,txn_d6bfb7c635b7ae5c3af3,acc_c7c57e9122edfe7c0cf3,2026-01-01,-1461.88,DIRECT DEP DELTA AIR LINES PAY,,other,False,INCOME,INCOME_WAGES
cu_00001,txn_0196c3fb14436ce6a664,acc_c7c57e9122edfe7c0cf3,2026-01-01,25.13,MCDONALD'S F5821,McDonald's,in store,False,FOOD_AND_DRINK,FOOD_AND_DRINK_RESTAURANT
cu_00001,txn_3f89d0b72ff4a48fdd02,acc_c7c57e9122edfe7c0cf3,2026-01-02,34.74,WINCO FOODS 117,WinCo Foods,in store,False,FOOD_AND_DRINK,FOOD_AND_DRINK_GROCERIES
cu_00001,txn_36ec1f3dfe48b7d269ae,acc_c7c57e9122edfe7c0cf3,2026-01-03,1100.0,GREYSTAR PROP MGMT RENT,,other,False,RENT_AND_UTILITIES,RENT_AND_UTILITIES_RENT
cu_00001,txn_09c11d0d5e417aa5c8b8,acc_c7c57e9122edfe7c0cf3,2026-01-05,102.17,WINCO FOODS 117,WinCo Foods,in store,False,FOOD_AND_DRINK,FOOD_AND_DRINK_GROCERIES
cu_00001,txn_fb6e6db217f7046a1c21,acc_c7c57e9122edfe7c0cf3,2026-01-05,38.82,CHICK-FIL-A #02281,Chick-fil-A,in store,False,FOOD_AND_DRINK,FOOD_AND_DRINK_RESTAURANT
cu_00001,txn_64c641c8a4fb869324a3,acc_c7c57e9122edfe7c0cf3,2026-01-07,26.35,TARGET 0002132 SLC,Target,in store,False,GENERAL_MERCHANDISE,GENERAL_MERCHANDISE_ONLINE_MARKETPLACES
cu_00001,txn_73e73ec82eaa242d4f1b,acc_c7c57e9122edfe7c0cf3,2026-01-08,241.68,ROCKY MTN POWER,Rocky Mountain Power,online,False,RENT_AND_UTILITIES,RENT_AND_UTILITIES_GAS_AND_ELECTRICITY
cu_00001,txn_7cfc37b1307c312b6186,acc_c7c57e9122edfe7c0cf3,2026-01-08,10.21,STARBUCKS 800 S MAIN,Starbucks,in store,False,FOOD_AND_DRINK,FOOD_AND_DRINK_RESTAURANT
cu_00001,txn_4a77cdac6f8df6957386,acc_c7c57e9122edfe7c0cf3,2026-01-11,13.6,MCDONALD'S F5821,McDonald's,in store,False,FOOD_AND_DRINK,FOOD_AND_DRINK_RESTAURANT
cu_00001,txn_c5e736c51d24f42219d0,acc_c7c57e9122edfe7c0cf3,2026-01-12,111.7,COMCAST 8013539 UT,Xfinity,online,False,RENT_AND_UTILITIES,RENT_AND_UTILITIES_INTERNET_AND_CABLE
cu_00001,txn_35aa16f773b7f1df47ab,acc_c7c57e9122edfe7c0cf3,2026-01-12,34.0,OVERDRAFT ITEM FEE,,other,False,BANK_FEES,BANK_FEES_OVERDRAFT_FEES
cu_00001,txn_34c24b1fea567ca46ef0,acc_c7c57e9122edfe7c0cf3,2026-01-14,27.0,CHICK-FIL-A #02281,Chick-fil-A,in store,False,FOOD_AND_DRINK,FOOD_AND_DRINK_RESTAURANT
cu_00001,txn_758f84d9c35958c0951f,acc_c7c57e9122edfe7c0cf3,2026-01-14,34.0,OVERDRAFT ITEM FEE,,other,False,BANK_FEES,BANK_FEES_OVERDRAFT_FEES
cu_00001,txn_9ea3250a0b298c65ee91,acc_c7c57e9122edfe7c0cf3,2026-01-15,-1458.92,DIRECT DEP DELTA AIR LINES PAY,,other,False,INCOME,INCOME_WAGES
cu_00001,txn_22d9b6ffd86d923aa856,acc_c7c57e9122edfe7c0cf3,2026-01-17,507.1,CHASE CREDIT CRD EPAY,Chase,online,False,LOAN_PAYMENTS,LOAN_PAYMENTS_CREDIT_CARD_PAYMENT
cu_00001,txn_57eabf8c2223a5d21331,acc_c7c57e9122edfe7c0cf3,2026-01-18,28.88,TARGET 0002132 SLC,Target,in store,False,GENERAL_MERCHANDISE,GENERAL_MERCHANDISE_ONLINE_MARKETPLACES
cu_00001,txn_219eee8339eac4e84912,acc_c7c57e9122edfe7c0cf3,2026-01-19,134.66,TRADER JOE S #612,Trader Joe's,in store,False,FOOD_AND_DRINK,FOOD_AND_DRINK_GROCERIES
cu_00001,txn_8cb1dad040bae66ab99c,acc_c7c57e9122edfe7c0cf3,2026-01-19,13.45,STARBUCKS 800 S MAIN,Starbucks,in store,False,FOOD_AND_DRINK,FOOD_AND_DRINK_RESTAURANT
cu_00001,txn_f2a321ba18f69a0dcf9f,acc_c7c57e9122edfe7c0cf3,2026-01-20,65.39,COSTCO WHSE #0683,Costco,in store,False,FOOD_AND_DRINK,FOOD_AND_DRINK_GROCERIES
cu_00001,txn_e01d543a247fb19b4526,acc_c7c57e9122edfe7c0cf3,2026-01-21,42.09,HARMONS - CITY CREEK,Harmons,in store,False,FOOD_AND_DRINK,FOOD_AND_DRINK_GROCERIES
cu_00001,txn_e8c78c551d89b8f4635a,acc_c7c57e9122edfe7c0cf3,2026-01-22,42.09,HARMONS - CITY CREEK,Harmons,in store,False,FOOD_AND_DRINK,FOOD_AND_DRINK_GROCERIES
cu_00001,txn_9951248e0b1cecd0a591,acc_c7c57e9122edfe7c0cf3,2026-01-23,31.43,DOORDASH*ORDER,DoorDash,in store,False,FOOD_AND_DRINK,FOOD_AND_DRINK_RESTAURANT
cu_00001,txn_2e82b073a12886d12760,acc_c7c57e9122edfe7c0cf3,2026-01-23,9.44,STARBUCKS 800 S MAIN,Starbucks,in store,False,FOOD_AND_DRINK,FOOD_AND_DRINK_RESTAURANT
cu_00001,txn_331ca1bee383b65d9e32,acc_c7c57e9122edfe7c0cf3,2026-01-25,67.75,TRADER JOE S #612,Trader Joe's,in store,False,FOOD_AND_DRINK,FOOD_AND_DRINK_GROCERIES
cu_00001,txn_188186e5f8c0037d4264,acc_c7c57e9122edfe7c0cf3,2026-01-26,15.49,NETFLIX.COM,Netflix,online,False,ENTERTAINMENT,ENTERTAINMENT_TV_AND_MOVIES
cu_00001,txn_fe336ea67480b93e209c,acc_c7c57e9122edfe7c0cf3,2026-01-26,11.99,SPOTIFY USA,Spotify,online,False,ENTERTAINMENT,ENTERTAINMENT_TV_AND_MOVIES
cu_00001,txn_757849a9f71fb1187a74,acc_c7c57e9122edfe7c0cf3,2026-01-26,17.99,HULU 877-8244858,Hulu,online,False,ENTERTAINMENT,ENTERTAINMENT_TV_AND_MOVIES
cu_00001,txn_6bae0d1bdc7e828c035d,acc_c7c57e9122edfe7c0cf3,2026-01-26,40.03,CHEVRON 0207754,Chevron,in store,False,TRANSPORTATION,TRANSPORTATION_GAS
cu_00001,txn_cea8db02725a4830715c,acc_c7c57e9122edfe7c0cf3,2026-01-28,84.52,HARMONS - CITY CREEK,Harmons,in store,False,FOOD_AND_DRINK,FOOD_AND_DRINK_GROCERIES
cu_00001,txn_12c7d64011364c3c9253,acc_c7c57e9122edfe7c0cf3,2026-01-28,149.84,HOMEDEPOT.COM,The Home Depot,in store,False,GENERAL_MERCHANDISE,GENERAL_MERCHANDISE_ONLINE_MARKETPLACES
cu_00001,txn_827d3b9f1e232ed09806,acc_c7c57e9122edfe7c0cf3,2026-02-01,-1553.0,DIRECT DEP DELTA AIR LINES PAY,,other,False,INCOME,INCOME_WAGES
cu_00001,txn_2ce113096aa6fd861caf,acc_c7c57e9122edfe7c0cf3,2026-02-03,1100.0,GREYSTAR PROP MGMT RENT,,other,False,RENT_AND_UTILITIES,RENT_AND_UTILITIES_RENT
cu_00001,txn_935dc791b6ae01aee515,acc_c7c57e9122edfe7c0cf3,2026-02-03,16.23,HOMEDEPOT.COM,The Home Depot,in store,False,GENERAL_MERCHANDISE,GENERAL_MERCHANDISE_ONLINE_MARKETPLACES
cu_00001,txn_8e1e225e5c8bbede3766,acc_c7c57e9122edfe7c0cf3,2026-02-03,12.66,OLD NAVY US 5341,Old Navy,in store,False,GENERAL_MERCHANDISE,GENERAL_MERCHANDISE_ONLINE_MARKETPLACES
cu_00001,txn_d40c232e0939c511ff2c,acc_c7c57e9122edfe7c0cf3,2026-02-05,34.38,CAFE RIO #23 SLC,Cafe Rio,in store,False,FOOD_AND_DRINK,FOOD_AND_DRINK_RESTAURANT
cu_00001,txn_aa85d0254f5d031015b9,acc_c7c57e9122edfe7c0cf3,2026-02-06,59.87,HARMONS - CITY CREEK,Harmons,in store,False,FOOD_AND_DRINK,FOOD_AND_DRINK_GROCERIES
cu_00001,txn_f386055aa1d19b7e4558,acc_c7c57e9122edfe7c0cf3,2026-02-06,79.03,HARMONS - CITY CREEK,Harmons,in store,False,FOOD_AND_DRINK,FOOD_AND_DRINK_GROCERIES
cu_00001,txn_fa5e9716a2298cb7c7e4,acc_c7c57e9122edfe7c0cf3,2026-02-06,35.4,STARBUCKS 800 S MAIN,Starbucks,in store,False,FOOD_AND_DRINK,FOOD_AND_DRINK_RESTAURANT
cu_00001,txn_4010d2c3e26c7225ceb2,acc_c7c57e9122edfe7c0cf3,2026-02-07,31.45,EVEN STEVENS SANDW,Even Stevens,in store,False,FOOD_AND_DRINK,FOOD_AND_DRINK_RESTAURANT
cu_00001,txn_b82b6fa92fad74963b2d,acc_c7c57e9122edfe7c0cf3,2026-02-07,56.66,SHELL OIL 57444223,Shell,in store,False,TRANSPORTATION,TRANSPORTATION_GAS
cu_00001,txn_176668b7ed5127c4c26b,acc_c7c57e9122edfe7c0cf3,2026-02-08,161.16,ROCKY MTN POWER,Rocky Mountain Power,online,False,RENT_AND_UTILITIES,RENT_AND_UTILITIES_GAS_AND_ELECTRICITY
cu_00001,txn_3c4da5d9c72f03080822,acc_c7c57e9122edfe7c0cf3,2026-02-08,106.1,TRADER JOE S #612,Trader Joe's,in store,False,FOOD_AND_DRINK,FOOD_AND_DRINK_GROCERIES
cu_00001,txn_cb0b196cbc3d94b62b22,acc_c7c57e9122edfe7c0cf3,2026-02-08,35.1,EVEN STEVENS SANDW,Even Stevens,in store,False,FOOD_AND_DRINK,FOOD_AND_DRINK_RESTAURANT
cu_00001,txn_01aee71c28d6154f8f19,acc_c7c57e9122edfe7c0cf3,2026-02-08,34.0,OVERDRAFT ITEM FEE,,other,False,BANK_FEES,BANK_FEES_OVERDRAFT_FEES
cu_00001,txn_f9c27698e2eb34e6d3f2,acc_c7c57e9122edfe7c0cf3,2026-02-12,70.02,COMCAST 8013539 UT,Xfinity,online,False,RENT_AND_UTILITIES,RENT_AND_UTILITIES_INTERNET_AND_CABLE
cu_00001,txn_a28c1fae49a95d7fcc31,acc_c7c57e9122edfe7c0cf3,2026-02-15,-1532.98,DIRECT DEP DELTA AIR LINES PAY,,other,False,INCOME,INCOME_WAGES
cu_00001,txn_a2f90a309699a33f6958,acc_c7c57e9122edfe7c0cf3,2026-02-16,38.96,SHELL OIL 57444223,Shell,in store,False,TRANSPORTATION,TRANSPORTATION_GAS
cu_00001,txn_8b156fed5c329091addc,acc_c7c57e9122edfe7c0cf3,2026-02-17,584.91,CHASE CREDIT CRD EPAY,Chase,online,False,LOAN_PAYMENTS,LOAN_PAYMENTS_CREDIT_CARD_PAYMENT
cu_00001,txn_511c7ea9399202df0e26,acc_c7c57e9122edfe7c0cf3,2026-02-18,22.62,STARBUCKS 800 S MAIN,Starbucks,in store,False,FOOD_AND_DRINK,FOOD_AND_DRINK_RESTAURANT
cu_00001,txn_c31628633ecfd51bcb7b,acc_c7c57e9122edfe7c0cf3,2026-02-18,44.61,SHELL OIL 57444223,Shell,in store,False,TRANSPORTATION,TRANSPORTATION_GAS
cu_00001,txn_fc7463c2dacd71f1f03f,acc_c7c57e9122edfe7c0cf3,2026-02-20,36.23,WINCO FOODS 117,WinCo Foods,in store,False,FOOD_AND_DRINK,FOOD_AND_DRINK_GROCERIES
cu_00001,txn_2859e1b28dd65fc4c58f,acc_c7c57e9122edfe7c0cf3,2026-02-21,4.88,EVEN STEVENS SANDW,Even Stevens,in store,False,FOOD_AND_DRINK,FOOD_AND_DRINK_RESTAURANT
cu_00001,txn_24c64e9a9ebd3fba65f6,acc_c7c57e9122edfe7c0cf3,2026-02-21,32.64,CHEVRON 0207754,Chevron,in store,False,TRANSPORTATION,TRANSPORTATION_GAS
cu_00001,txn_9fc2f0333349924ad841,acc_c7c57e9122edfe7c0cf3,2026-02-21,31.52,CHEVRON 0207754,Chevron,in store,False,TRANSPORTATION,TRANSPORTATION_GAS
cu_00001,txn_f0e6f7033b99a59d7546,acc_c7c57e9122edfe7c0cf3,2026-02-22,4.88,EVEN STEVENS SANDW,Even Stevens,in store,False,FOOD_AND_DRINK,FOOD_AND_DRINK_RESTAURANT
cu_00001,txn_07d11aa1a36f8cd4ebae,acc_c7c57e9122edfe7c0cf3,2026-02-23,12.01,EVEN STEVENS SANDW,Even Stevens,in store,False,FOOD_AND_DRINK,FOOD_AND_DRINK_RESTAURANT
cu_00001,txn_7cede821e7483e62f51c,acc_c7c57e9122edfe7c0cf3,2026-02-23,12.21,EVEN STEVENS SANDW,Even Stevens,in store,False,FOOD_AND_DRINK,FOOD_AND_DRINK_RESTAURANT
cu_00001,txn_3aaedee45e687227e7ab,acc_c7c57e9122edfe7c0cf3,2026-02-23,46.68,MAVERIK #338,Maverik,in store,False,TRANSPORTATION,TRANSPORTATION_GAS
cu_00001,txn_4525c3a55565ad8e80d3,acc_c7c57e9122edfe7c0cf3,2026-02-24,35.48,MAVERIK #338,Maverik,in store,False,TRANSPORTATION,TRANSPORTATION_GAS
cu_00001,txn_67fa525aac766f917cf3,acc_c7c57e9122edfe7c0cf3,2026-02-25,32.62,TRADER JOE S #612,Trader Joe's,in store,False,FOOD_AND_DRINK,FOOD_AND_DRINK_GROCERIES
cu_00001,txn_f799b60fde99b3ad118a,acc_c7c57e9122edfe7c0cf3,2026-02-25,42.28,TARGET 0002132 SLC,Target,in store,False,GENERAL_MERCHANDISE,GENERAL_MERCHANDISE_ONLINE_MARKETPLACES
cu_00001,txn_94b2b3134686b75e63ec,acc_c7c57e9122edfe7c0cf3,2026-02-26,15.49,NETFLIX.COM,Netflix,online,False,ENTERTAINMENT,ENTERTAINMENT_TV_AND_MOVIES
cu_00001,txn_147dde85f584a2de7b3c,acc_c7c57e9122edfe7c0cf3,2026-02-26,11.99,SPOTIFY USA,Spotify,online,False,ENTERTAINMENT,ENTERTAINMENT_TV_AND_MOVIES
cu_00001,txn_386e1092132ba9657ec3,acc_c7c57e9122edfe7c0cf3,2026-02-26,17.99,HULU 877-8244858,Hulu,online,False,ENTERTAINMENT,ENTERTAINMENT_TV_AND_MOVIES
cu_00001,txn_346ebf1888b28afe1580,acc_c7c57e9122edfe7c0cf3,2026-02-26,74.19,HARMONS - CITY CREEK,Harmons,in store,False,FOOD_AND_DRINK,FOOD_AND_DRINK_GROCERIES
cu_00001,txn_5beea5fe5b2b8ee10337,acc_c7c57e9122edfe7c0cf3,2026-02-26,15.17,CHICK-FIL-A #02281,Chick-fil-A,in store,False,FOOD_AND_DRINK,FOOD_AND_DRINK_RESTAURANT
cu_00001,txn_cddebc41565b01179b48,acc_c7c57e9122edfe7c0cf3,2026-02-26,9.71,EVEN STEVENS SANDW,Even Stevens,in store,False,FOOD_AND_DRINK,FOOD_AND_DRINK_RESTAURANT
cu_00001,txn_33bb379327e1e3c0a2d7,acc_c7c57e9122edfe7c0cf3,2026-02-28,51.18,STARBUCKS 800 S MAIN,Starbucks,in store,False,FOOD_AND_DRINK,FOOD_AND_DRINK_RESTAURANT
cu_00001,txn_3e68429a47777c882c08,acc_c7c57e9122edfe7c0cf3,2026-02-28,29.18,WAL-MART #1762,Walmart,in store,False,GENERAL_MERCHANDISE,GENERAL_MERCHANDISE_ONLINE_MARKETPLACES
cu_00001,txn_88592be5aab410f75db2,acc_c7c57e9122edfe7c0cf3,2026-03-01,-1498.74,DIRECT DEP DELTA AIR LINES PAY,,other,False,INCOME,INCOME_WAGES
cu_00001,txn_7f7e343670e546970201,acc_c7c57e9122edfe7c0cf3,2026-03-01,48.32,TARGET 0002132 SLC,Target,in store,False,GENERAL_MERCHANDISE,GENERAL_MERCHANDISE_ONLINE_MARKETPLACES
cu_00001,txn_2d07b367a2b06a3cf277,acc_c7c57e9122edfe7c0cf3,2026-03-01,144.83,HOMEDEPOT.COM,The Home Depot,in store,False,GENERAL_MERCHANDISE,GENERAL_MERCHANDISE_ONLINE_MARKETPLACES
cu_00001,txn_ad86aa2b463e30224f16,acc_c7c57e9122edfe7c0cf3,2026-03-02,84.86,COSTCO WHSE #0683,Costco,in store,False,FOOD_AND_DRINK,FOOD_AND_DRINK_GROCERIES
cu_00001,txn_a69381bf3414a1ed509a,acc_c7c57e9122edfe7c0cf3,2026-03-03,1100.0,GREYSTAR PROP MGMT RENT,,other,False,RENT_AND_UTILITIES,RENT_AND_UTILITIES_RENT
cu_00001,txn_08b9ab72fbe9768c6bef,acc_c7c57e9122edfe7c0cf3,2026-03-03,33.51,HOMEDEPOT.COM,The Home Depot,in store,False,GENERAL_MERCHANDISE,GENERAL_MERCHANDISE_ONLINE_MARKETPLACES
cu_00001,txn_07d14c7faf5860ebd308,acc_c7c57e9122edfe7c0cf3,2026-03-05,32.93,CAFE RIO #23 SLC,Cafe Rio,in store,False,FOOD_AND_DRINK,FOOD_AND_DRINK_RESTAURANT
cu_00001,txn_984cda53988a6ba10630,acc_c7c57e9122edfe7c0cf3,2026-03-05,37.09,SHELL OIL 57444223,Shell,in store,False,TRANSPORTATION,TRANSPORTATION_GAS
cu_00001,txn_acbbcd59917ebbbec0a8,acc_c7c57e9122edfe7c0cf3,2026-03-07,55.89,CAFE RIO #23 SLC,Cafe Rio,in store,False,FOOD_AND_DRINK,FOOD_AND_DRINK_RESTAURANT
cu_00001,txn_76d4fc4abd7d62f4eb28,acc_c7c57e9122edfe7c0cf3,2026-03-08,195.04,ROCKY MTN POWER,Rocky Mountain Power,online,False,RENT_AND_UTILITIES,RENT_AND_UTILITIES_GAS_AND_ELECTRICITY
cu_00001,txn_b93b9608e29c88a11ed7,acc_c7c57e9122edfe7c0cf3,2026-03-08,34.0,OVERDRAFT ITEM FEE,,other,False,BANK_FEES,BANK_FEES_OVERDRAFT_FEES
cu_00001,txn_5aa2b22b2aa2bca8421a,acc_c7c57e9122edfe7c0cf3,2026-03-09,81.63,COSTCO WHSE #0683,Costco,in store,False,FOOD_AND_DRINK,FOOD_AND_DRINK_GROCERIES
cu_00001,txn_0f938c98caf7bd9a63b8,acc_c7c57e9122edfe7c0cf3,2026-03-09,-311.56,CASH DEPOSIT BRANCH 0114,,other,False,TRANSFER_IN,TRANSFER_IN_DEPOSIT
cu_00001,txn_e1626a83d5130607bacd,acc_c7c57e9122edfe7c0cf3,2026-03-10,12.23,CHICK-FIL-A #02281,Chick-fil-A,in store,False,FOOD_AND_DRINK,FOOD_AND_DRINK_RESTAURANT
cu_00001,txn_c53ff0462cae6d877035,acc_c7c57e9122edfe7c0cf3,2026-03-12,114.4,COMCAST 8013539 UT,Xfinity,online,False,RENT_AND_UTILITIES,RENT_AND_UTILITIES_INTERNET_AND_CABLE
cu_00001,txn_46541561f68662ee449b,acc_c7c57e9122edfe7c0cf3,2026-03-12,34.0,OVERDRAFT ITEM FEE,,other,False,BANK_FEES,BANK_FEES_OVERDRAFT_FEES
cu_00001,txn_baa1ff44b9200239502b,acc_c7c57e9122edfe7c0cf3,2026-03-13,65.29,TRADER JOE S #612,Trader Joe's,in store,False,FOOD_AND_DRINK,FOOD_AND_DRINK_GROCERIES
cu_00001,txn_992d7673e3024a54da28,acc_c7c57e9122edfe7c0cf3,2026-03-13,34.0,OVERDRAFT ITEM FEE,,other,False,BANK_FEES,BANK_FEES_OVERDRAFT_FEES
cu_00001,txn_7c60d74db749ca4b0945,acc_c7c57e9122edfe7c0cf3,2026-03-15,-1476.15,DIRECT DEP DELTA AIR LINES PAY,,other,False,INCOME,INCOME_WAGES
cu_00001,txn_a686324a57d2adb27bc8,acc_c7c57e9122edfe7c0cf3,2026-03-15,63.4,AMAZON.COM*M23H88,Amazon,in store,False,GENERAL_MERCHANDISE,GENERAL_MERCHANDISE_ONLINE_MARKETPLACES
cu_00001,txn_821e1a70ff1704c5d0a2,acc_c7c57e9122edfe7c0cf3,2026-03-17,814.57,CHASE CREDIT CRD EPAY,Chase,online,False,LOAN_PAYMENTS,LOAN_PAYMENTS_CREDIT_CARD_PAYMENT
cu_00001,txn_d1e8b28c6f4a982e3e3a,acc_c7c57e9122edfe7c0cf3,2026-03-21,28.29,CAFE RIO #23 SLC,Cafe Rio,in store,False,FOOD_AND_DRINK,FOOD_AND_DRINK_RESTAURANT
cu_00001,txn_29272718ebd488af6cd8,acc_c7c57e9122edfe7c0cf3,2026-03-22,113.92,HOMEDEPOT.COM,The Home Depot,in store,False,GENERAL_MERCHANDISE,GENERAL_MERCHANDISE_ONLINE_MARKETPLACES
cu_00001,txn_87ead1137daff442a6ec,acc_c7c57e9122edfe7c0cf3,2026-03-23,40.67,CHICK-FIL-A #02281,Chick-fil-A,in store,False,FOOD_AND_DRINK,FOOD_AND_DRINK_RESTAURANT
cu_00001,txn_b24d012bf5cdc6aac1e1,acc_c7c57e9122edfe7c0cf3,2026-03-23,44.91,OLD NAVY US 5341,Old Navy,in store,False,GENERAL_MERCHANDISE,GENERAL_MERCHANDISE_ONLINE_MARKETPLACES
cu_00001,txn_cfe91e08790955324a0c,acc_c7c57e9122edfe7c0cf3,2026-03-25,156.39,HARMONS - CITY CREEK,Harmons,in store,False,FOOD_AND_DRINK,FOOD_AND_DRINK_GROCERIES
cu_00001,txn_5ff636b1e958319c17b0,acc_c7c57e9122edfe7c0cf3,2026-03-25,35.59,MAVERIK #338,Maverik,in store,False,TRANSPORTATION,TRANSPORTATION_GAS
cu_00001,txn_0906de716ade03cd674e,acc_c7c57e9122edfe7c0cf3,2026-03-25,34.0,OVERDRAFT ITEM FEE,,other,False,BANK_FEES,BANK_FEES_OVERDRAFT_FEES
cu_00001,txn_59e2d4d685a2a0547730,acc_c7c57e9122edfe7c0cf3,2026-03-26,15.49,NETFLIX.COM,Netflix,online,False,ENTERTAINMENT,ENTERTAINMENT_TV_AND_MOVIES
cu_00001,txn_af7a786fb34076c5b4f4,acc_c7c57e9122edfe7c0cf3,2026-03-26,11.99,SPOTIFY USA,Spotify,online,False,ENTERTAINMENT,ENTERTAINMENT_TV_AND_MOVIES
cu_00001,txn_02546392e12aff76cb80,acc_c7c57e9122edfe7c0cf3,2026-03-26,17.99,HULU 877-8244858,Hulu,online,False,ENTERTAINMENT,ENTERTAINMENT_TV_AND_MOVIES
cu_00001,txn_c587704d1aaac9fc5cf6,acc_c7c57e9122edfe7c0cf3,2026-04-01,-1409.91,DIRECT DEP DELTA AIR LINES PAY,,other,False,INCOME,INCOME_WAGES
cu_00001,txn_8be2e56bdd33bf5842f5,acc_c7c57e9122edfe7c0cf3,2026-04-02,76.53,DOORDASH*ORDER,DoorDash,in store,False,FOOD_AND_DRINK,FOOD_AND_DRINK_RESTAURANT
cu_00001,txn_432c316e65753bd2e31d,acc_c7c57e9122edfe7c0cf3,2026-04-02,57.58,CAFE RIO #23 SLC,Cafe Rio,in store,False,FOOD_AND_DRINK,FOOD_AND_DRINK_RESTAURANT
cu_00001,txn_c56226749c259286a9e8,acc_c7c57e9122edfe7c0cf3,2026-04-03,1100.0,GREYSTAR PROP MGMT RENT,,other,False,RENT_AND_UTILITIES,RENT_AND_UTILITIES_RENT
cu_00001,txn_91a188ccb14a03314801,acc_c7c57e9122edfe7c0cf3,2026-04-08,202.69,ROCKY MTN POWER,Rocky Mountain Power,online,False,RENT_AND_UTILITIES,RENT_AND_UTILITIES_GAS_AND_ELECTRICITY
cu_00001,txn_253c5a2f0df7f6fb93c8,acc_c7c57e9122edfe7c0cf3,2026-04-08,34.0,OVERDRAFT ITEM FEE,,other,False,BANK_FEES,BANK_FEES_OVERDRAFT_FEES
cu_00001,txn_12df0b79d5c8f213ab37,acc_c7c57e9122edfe7c0cf3,2026-04-09,35.82,COSTCO WHSE #0683,Costco,in store,False,FOOD_AND_DRINK,FOOD_AND_DRINK_GROCERIES
cu_00001,txn_62a66cd0d17abc839e08,acc_c7c57e9122edfe7c0cf3,2026-04-12,131.83,COMCAST 8013539 UT,Xfinity,online,False,RENT_AND_UTILITIES,RENT_AND_UTILITIES_INTERNET_AND_CABLE
cu_00001,txn_078ec694750f7de73d26,acc_c7c57e9122edfe7c0cf3,2026-04-12,-401.18,CASH DEPOSIT BRANCH 0114,,other,False,TRANSFER_IN,TRANSFER_IN_DEPOSIT
cu_00001,txn_69e030f83cb4f97fad36,acc_c7c57e9122edfe7c0cf3,2026-04-15,-1417.46,DIRECT DEP DELTA AIR LINES PAY,,other,False,INCOME,INCOME_WAGES
cu_00001,txn_3d5c0d00a09243472b02,acc_c7c57e9122edfe7c0cf3,2026-04-16,42.74,MCDONALD'S F5821,McDonald's,in store,False,FOOD_AND_DRINK,FOOD_AND_DRINK_RESTAURANT
cu_00001,txn_79675d51d4744af8a153,acc_c7c57e9122edfe7c0cf3,2026-04-16,31.85,STARBUCKS 800 S MAIN,Starbucks,in store,False,FOOD_AND_DRINK,FOOD_AND_DRINK_RESTAURANT
cu_00001,txn_789de657e7274bcec85c,acc_c7c57e9122edfe7c0cf3,2026-04-17,705.14,CHASE CREDIT CRD EPAY,Chase,online,False,LOAN_PAYMENTS,LOAN_PAYMENTS_CREDIT_CARD_PAYMENT
cu_00001,txn_b83aa5b607b357834cc3,acc_c7c57e9122edfe7c0cf3,2026-04-17,23.76,DOORDASH*ORDER,DoorDash,in store,False,FOOD_AND_DRINK,FOOD_AND_DRINK_RESTAURANT
cu_00001,txn_c183621dbda0ae9b5732,acc_c7c57e9122edfe7c0cf3,2026-04-18,35.56,MCDONALD'S F5821,McDonald's,in store,False,FOOD_AND_DRINK,FOOD_AND_DRINK_RESTAURANT
cu_00001,txn_78fa9a337d40deb0172b,acc_c7c57e9122edfe7c0cf3,2026-04-20,55.34,AMZN MKTP US*2K3LP09Q1,Amazon,in store,False,GENERAL_MERCHANDISE,GENERAL_MERCHANDISE_ONLINE_MARKETPLACES
cu_00001,txn_e2e08adc87fe0e4f7e5e,acc_c7c57e9122edfe7c0cf3,2026-04-20,23.84,MAVERIK #338,Maverik,in store,False,TRANSPORTATION,TRANSPORTATION_GAS
cu_00001,txn_a00f0bf27dc404bea798,acc_c7c57e9122edfe7c0cf3,2026-04-23,16.95,AMAZON.COM*M23H88,Amazon,in store,False,GENERAL_MERCHANDISE,GENERAL_MERCHANDISE_ONLINE_MARKETPLACES
cu_00001,txn_8997f753c3f3aab74d2d,acc_c7c57e9122edfe7c0cf3,2026-04-24,135.63,TRADER JOE S #612,Trader Joe's,in store,False,FOOD_AND_DRINK,FOOD_AND_DRINK_GROCERIES
cu_00001,txn_ffd1392b341f04ebb165,acc_c7c57e9122edfe7c0cf3,2026-04-24,40.78,HOMEDEPOT.COM,The Home Depot,in store,False,GENERAL_MERCHANDISE,GENERAL_MERCHANDISE_ONLINE_MARKETPLACES
cu_00001,txn_53b6e41556ee64415685,acc_c7c57e9122edfe7c0cf3,2026-04-26,15.49,NETFLIX.COM,Netflix,online,False,ENTERTAINMENT,ENTERTAINMENT_TV_AND_MOVIES
cu_00001,txn_0e90908b86a0cd235fa2,acc_c7c57e9122edfe7c0cf3,2026-04-26,11.99,SPOTIFY USA,Spotify,online,False,ENTERTAINMENT,ENTERTAINMENT_TV_AND_MOVIES
cu_00001,txn_2707768019ca59c22c65,acc_c7c57e9122edfe7c0cf3,2026-04-26,17.99,HULU 877-8244858,Hulu,online,False,ENTERTAINMENT,ENTERTAINMENT_TV_AND_MOVIES
cu_00001,txn_e84aa5c0da92fb6fae10,acc_c7c57e9122edfe7c0cf3,2026-04-27,8.22,STARBUCKS 800 S MAIN,Starbucks,in store,False,FOOD_AND_DRINK,FOOD_AND_DRINK_RESTAURANT
cu_00001,txn_2ff9b72f692b5b190744,acc_c7c57e9122edfe7c0cf3,2026-04-29,21.5,EVEN STEVENS SANDW,Even Stevens,in store,False,FOOD_AND_DRINK,FOOD_AND_DRINK_RESTAURANT
cu_00001,txn_ced4fa3a54cd648d87e4,acc_c7c57e9122edfe7c0cf3,2026-04-29,103.45,AMAZON.COM*M23H88,Amazon,in store,False,GENERAL_MERCHANDISE,GENERAL_MERCHANDISE_ONLINE_MARKETPLACES
cu_00001,txn_a8e33519e64dc0ad6134,acc_c7c57e9122edfe7c0cf3,2026-05-01,-1449.45,DIRECT DEP DELTA AIR LINES PAY,,other,False,INCOME,INCOME_WAGES
cu_00001,txn_2ca7e55430e79483dea3,acc_c7c57e9122edfe7c0cf3,2026-05-01,20.51,EVEN STEVENS SANDW,Even Stevens,in store,False,FOOD_AND_DRINK,FOOD_AND_DRINK_RESTAURANT
cu_00001,txn_a46848436b4c9e0ab91f,acc_c7c57e9122edfe7c0cf3,2026-05-01,29.53,CAFE RIO #23 SLC,Cafe Rio,in store,False,FOOD_AND_DRINK,FOOD_AND_DRINK_RESTAURANT
cu_00001,txn_7c4b92352c15fc27ec0a,acc_c7c57e9122edfe7c0cf3,2026-05-02,56.21,HARMONS - CITY CREEK,Harmons,in store,False,FOOD_AND_DRINK,FOOD_AND_DRINK_GROCERIES
cu_00001,txn_db9c77fd8e1ed13ab1d2,acc_c7c57e9122edfe7c0cf3,2026-05-03,1100.0,GREYSTAR PROP MGMT RENT,,other,False,RENT_AND_UTILITIES,RENT_AND_UTILITIES_RENT
cu_00001,txn_e02f8c8a2bf31575fc3b,acc_c7c57e9122edfe7c0cf3,2026-05-07,103.76,CHICK-FIL-A #02281,Chick-fil-A,in store,False,FOOD_AND_DRINK,FOOD_AND_DRINK_RESTAURANT
cu_00001,txn_9f6ff189829119b5985c,acc_c7c57e9122edfe7c0cf3,2026-05-07,30.98,AMZN MKTP US*2K3LP09Q1,Amazon,in store,False,GENERAL_MERCHANDISE,GENERAL_MERCHANDISE_ONLINE_MARKETPLACES
cu_00001,txn_8ddea4076a2e4fd3fb0a,acc_c7c57e9122edfe7c0cf3,2026-05-08,312.42,ROCKY MTN POWER,Rocky Mountain Power,online,False,RENT_AND_UTILITIES,RENT_AND_UTILITIES_GAS_AND_ELECTRICITY
cu_00001,txn_e66c181a179b12fc292e,acc_c7c57e9122edfe7c0cf3,2026-05-08,55.17,AMAZON.COM*M23H88,Amazon,in store,False,GENERAL_MERCHANDISE,GENERAL_MERCHANDISE_ONLINE_MARKETPLACES
cu_00001,txn_37d96da19d77f437e197,acc_c7c57e9122edfe7c0cf3,2026-05-08,34.0,OVERDRAFT ITEM FEE,,other,False,BANK_FEES,BANK_FEES_OVERDRAFT_FEES
cu_00001,txn_5a688e23a3154430a7e3,acc_c7c57e9122edfe7c0cf3,2026-05-12,113.47,COMCAST 8013539 UT,Xfinity,online,False,RENT_AND_UTILITIES,RENT_AND_UTILITIES_INTERNET_AND_CABLE
cu_00001,txn_c87c113aa8488c7c242d,acc_c7c57e9122edfe7c0cf3,2026-05-15,-1496.75,DIRECT DEP DELTA AIR LINES PAY,,other,False,INCOME,INCOME_WAGES
cu_00001,txn_70418fef7d3c9c5237ea,acc_c7c57e9122edfe7c0cf3,2026-05-16,40.19,EVEN STEVENS SANDW,Even Stevens,in store,False,FOOD_AND_DRINK,FOOD_AND_DRINK_RESTAURANT
cu_00001,txn_dfcc0d09afc502fde620,acc_c7c57e9122edfe7c0cf3,2026-05-17,724.23,CHASE CREDIT CRD EPAY,Chase,online,False,LOAN_PAYMENTS,LOAN_PAYMENTS_CREDIT_CARD_PAYMENT
cu_00001,txn_fb955fd7969853af9af6,acc_c7c57e9122edfe7c0cf3,2026-05-17,25.48,CHICK-FIL-A #02281,Chick-fil-A,in store,False,FOOD_AND_DRINK,FOOD_AND_DRINK_RESTAURANT
cu_00001,txn_8b6669656b678d88b4db,acc_c7c57e9122edfe7c0cf3,2026-05-18,61.84,TRADER JOE S #612,Trader Joe's,in store,False,FOOD_AND_DRINK,FOOD_AND_DRINK_GROCERIES
cu_00001,txn_dc120c06a304589df4dc,acc_c7c57e9122edfe7c0cf3,2026-05-18,7.37,MCDONALD'S F5821,McDonald's,in store,False,FOOD_AND_DRINK,FOOD_AND_DRINK_RESTAURANT
cu_00001,txn_acb4d85fab8354ebfb6d,acc_c7c57e9122edfe7c0cf3,2026-05-18,18.07,STARBUCKS 800 S MAIN,Starbucks,in store,False,FOOD_AND_DRINK,FOOD_AND_DRINK_RESTAURANT
cu_00001,txn_39871c934896256d6d96,acc_c7c57e9122edfe7c0cf3,2026-05-24,31.81,CHEVRON 0207754,Chevron,in store,False,TRANSPORTATION,TRANSPORTATION_GAS
cu_00001,txn_94c32a2d17eedd975182,acc_c7c57e9122edfe7c0cf3,2026-05-26,15.49,NETFLIX.COM,Netflix,online,False,ENTERTAINMENT,ENTERTAINMENT_TV_AND_MOVIES
cu_00001,txn_419ee1ebf035fa620b6d,acc_c7c57e9122edfe7c0cf3,2026-05-26,11.99,SPOTIFY USA,Spotify,online,False,ENTERTAINMENT,ENTERTAINMENT_TV_AND_MOVIES
cu_00001,txn_8a41e3c61c9fa69d3ba8,acc_c7c57e9122edfe7c0cf3,2026-05-26,17.99,HULU 877-8244858,Hulu,online,False,ENTERTAINMENT,ENTERTAINMENT_TV_AND_MOVIES
cu_00001,txn_7c89fb06b6ae2cd5a5b5,acc_c7c57e9122edfe7c0cf3,2026-05-31,43.53,TRADER JOE S #612,Trader Joe's,in store,False,FOOD_AND_DRINK,FOOD_AND_DRINK_GROCERIES
cu_00001,txn_4bc8a369656895c10f87,acc_c7c57e9122edfe7c0cf3,2026-05-31,12.67,CAFE RIO #23 SLC,Cafe Rio,in store,False,FOOD_AND_DRINK,FOOD_AND_DRINK_RESTAURANT
cu_00001,txn_161a259cbbbeec67dc8a,acc_c7c57e9122edfe7c0cf3,2026-05-31,166.29,OLD NAVY US 5341,Old Navy,in store,False,GENERAL_MERCHANDISE,GENERAL_MERCHANDISE_ONLINE_MARKETPLACES
cu_00001,txn_89aa590899d0ba82955c,acc_c7c57e9122edfe7c0cf3,2026-06-01,-1502.0,DIRECT DEP DELTA AIR LINES PAY,,other,False,INCOME,INCOME_WAGES
cu_00001,txn_fd2085cc23434a72d7ea,acc_c7c57e9122edfe7c0cf3,2026-06-02,32.62,MAVERIK #338,Maverik,in store,False,TRANSPORTATION,TRANSPORTATION_GAS
cu_00001,txn_db604f3790439bdc98da,acc_c7c57e9122edfe7c0cf3,2026-06-03,1100.0,GREYSTAR PROP MGMT RENT,,other,False,RENT_AND_UTILITIES,RENT_AND_UTILITIES_RENT
cu_00001,txn_19843b654a3d13890b80,acc_c7c57e9122edfe7c0cf3,2026-06-05,19.92,MCDONALD'S F5821,McDonald's,in store,False,FOOD_AND_DRINK,FOOD_AND_DRINK_RESTAURANT
cu_00001,txn_45513e63c95b32523110,acc_c7c57e9122edfe7c0cf3,2026-06-06,32.95,MCDONALD'S F5821,McDonald's,in store,False,FOOD_AND_DRINK,FOOD_AND_DRINK_RESTAURANT
cu_00001,txn_7b840ce44826b7650eb3,acc_c7c57e9122edfe7c0cf3,2026-06-08,275.32,ROCKY MTN POWER,Rocky Mountain Power,online,False,RENT_AND_UTILITIES,RENT_AND_UTILITIES_GAS_AND_ELECTRICITY
cu_00001,txn_2e0ffce501b49c7ca74f,acc_c7c57e9122edfe7c0cf3,2026-06-08,48.21,OLD NAVY US 5341,Old Navy,in store,False,GENERAL_MERCHANDISE,GENERAL_MERCHANDISE_ONLINE_MARKETPLACES
cu_00001,txn_c5324ab835d345a1457d,acc_c7c57e9122edfe7c0cf3,2026-06-10,35.39,SHELL OIL 57444223,Shell,in store,False,TRANSPORTATION,TRANSPORTATION_GAS
cu_00001,txn_cb8f9e5cb9d702ef15eb,acc_c7c57e9122edfe7c0cf3,2026-06-12,74.45,COMCAST 8013539 UT,Xfinity,online,False,RENT_AND_UTILITIES,RENT_AND_UTILITIES_INTERNET_AND_CABLE
cu_00001,txn_8ae345b5f4fd1cc77dda,acc_c7c57e9122edfe7c0cf3,2026-06-12,34.0,OVERDRAFT ITEM FEE,,other,False,BANK_FEES,BANK_FEES_OVERDRAFT_FEES
cu_00001,txn_318baa593a4efcf96eb4,acc_c7c57e9122edfe7c0cf3,2026-06-13,36.09,MAVERIK #338,Maverik,in store,False,TRANSPORTATION,TRANSPORTATION_GAS
cu_00001,txn_c7b33c4f6910f0f8069c,acc_c7c57e9122edfe7c0cf3,2026-06-15,-1561.63,DIRECT DEP DELTA AIR LINES PAY,,other,False,INCOME,INCOME_WAGES
cu_00001,txn_3a32a929e95ff1035e98,acc_c7c57e9122edfe7c0cf3,2026-06-17,588.15,CHASE CREDIT CRD EPAY,Chase,online,False,LOAN_PAYMENTS,LOAN_PAYMENTS_CREDIT_CARD_PAYMENT
cu_00001,txn_b19c9ef70b2367033337,acc_c7c57e9122edfe7c0cf3,2026-06-17,31.11,MAVERIK #338,Maverik,in store,False,TRANSPORTATION,TRANSPORTATION_GAS
cu_00001,txn_433a7ad2fc391df18426,acc_c7c57e9122edfe7c0cf3,2026-06-17,37.18,SHELL OIL 57444223,Shell,in store,False,TRANSPORTATION,TRANSPORTATION_GAS
cu_00001,txn_8dd1b79d36e62cbb2210,acc_c7c57e9122edfe7c0cf3,2026-06-18,73.4,COSTCO WHSE #0683,Costco,in store,False,FOOD_AND_DRINK,FOOD_AND_DRINK_GROCERIES
cu_00001,txn_18567955a1bfbf5df9c7,acc_c7c57e9122edfe7c0cf3,2026-06-19,12.26,CHICK-FIL-A #02281,Chick-fil-A,in store,False,FOOD_AND_DRINK,FOOD_AND_DRINK_RESTAURANT
cu_00001,txn_efd15787280dbc6afae6,acc_c7c57e9122edfe7c0cf3,2026-06-19,24.36,SHELL OIL 57444223,Shell,in store,False,TRANSPORTATION,TRANSPORTATION_GAS
cu_00001,txn_44abade89875c4ff5c69,acc_c7c57e9122edfe7c0cf3,2026-06-21,103.66,TARGET 0002132 SLC,Target,in store,False,GENERAL_MERCHANDISE,GENERAL_MERCHANDISE_ONLINE_MARKETPLACES
cu_00001,txn_adb8c208226f00c689ac,acc_c7c57e9122edfe7c0cf3,2026-06-23,48.79,WINCO FOODS 117,WinCo Foods,in store,False,FOOD_AND_DRINK,FOOD_AND_DRINK_GROCERIES
cu_00001,txn_b56278071ebe091fbeec,acc_c7c57e9122edfe7c0cf3,2026-06-24,34.7,HOMEDEPOT.COM,The Home Depot,in store,False,GENERAL_MERCHANDISE,GENERAL_MERCHANDISE_ONLINE_MARKETPLACES
cu_00001,txn_b61cc9495d162f3eeef1,acc_c7c57e9122edfe7c0cf3,2026-06-25,20.56,EVEN STEVENS SANDW,Even Stevens,in store,False,FOOD_AND_DRINK,FOOD_AND_DRINK_RESTAURANT
cu_00001,txn_5210dd7b79089e4a1db9,acc_c7c57e9122edfe7c0cf3,2026-06-26,15.49,NETFLIX.COM,Netflix,online,False,ENTERTAINMENT,ENTERTAINMENT_TV_AND_MOVIES
cu_00001,txn_7cee3b0d9720b76bd54e,acc_c7c57e9122edfe7c0cf3,2026-06-26,11.99,SPOTIFY USA,Spotify,online,False,ENTERTAINMENT,ENTERTAINMENT_TV_AND_MOVIES
cu_00001,txn_a5b526e8f79034034b6e,acc_c7c57e9122edfe7c0cf3,2026-06-26,17.99,HULU 877-8244858,Hulu,online,False,ENTERTAINMENT,ENTERTAINMENT_TV_AND_MOVIES
cu_00001,txn_954ca7eb5786517af01c,acc_c7c57e9122edfe7c0cf3,2026-06-26,46.33,MAVERIK #338,Maverik,in store,False,TRANSPORTATION,TRANSPORTATION_GAS
cu_00001,txn_7c04a9e89eb6fd3a946e,acc_c7c57e9122edfe7c0cf3,2026-06-27,48.45,SMITHS FOOD #44,Smith's,in store,False,FOOD_AND_DRINK,FOOD_AND_DRINK_GROCERIES
cu_00001,txn_d9b2c18ab63c114ef647,acc_c7c57e9122edfe7c0cf3,2026-06-27,49.85,MCDONALD'S F5821,McDonald's,in store,False,FOOD_AND_DRINK,FOOD_AND_DRINK_RESTAURANT
cu_00001,txn_3e86a8dc1f9d0098569a,acc_c7c57e9122edfe7c0cf3,2026-06-27,13.87,DOORDASH*ORDER,DoorDash,in store,False,FOOD_AND_DRINK,FOOD_AND_DRINK_RESTAURANT
cu_00001,txn_796816299f6e4af430a5,acc_c7c57e9122edfe7c0cf3,2026-06-27,26.74,TARGET 0002132 SLC,Target,in store,False,GENERAL_MERCHANDISE,GENERAL_MERCHANDISE_ONLINE_MARKETPLACES
cu_00001,txn_120472019c711e45b7b5,acc_c7c57e9122edfe7c0cf3,2026-06-30,67.89,CAFE RIO #23 SLC,Cafe Rio,in store,False,FOOD_AND_DRINK,FOOD_AND_DRINK_RESTAURANT
cu_00001,txn_58c33c36073b1970c496,acc_c7c57e9122edfe7c0cf3,2026-07-01,-1382.34,DIRECT DEP DELTA AIR LINES PAY,,other,False,INCOME,INCOME_WAGES
cu_00001,txn_feee5a71f1c6a7880be8,acc_c7c57e9122edfe7c0cf3,2026-07-03,1100.0,GREYSTAR PROP MGMT RENT,,other,False,RENT_AND_UTILITIES,RENT_AND_UTILITIES_RENT
cu_00001,txn_9b143363acce9035fcbd,acc_c7c57e9122edfe7c0cf3,2026-07-08,220.28,ROCKY MTN POWER,Rocky Mountain Power,online,False,RENT_AND_UTILITIES,RENT_AND_UTILITIES_GAS_AND_ELECTRICITY
cu_00001,txn_bc0e5952dfc2c000886f,acc_c7c57e9122edfe7c0cf3,2026-07-11,41.15,COSTCO WHSE #0683,Costco,in store,False,FOOD_AND_DRINK,FOOD_AND_DRINK_GROCERIES
cu_00001,txn_427481b0231292f71330,acc_c7c57e9122edfe7c0cf3,2026-07-11,34.24,MAVERIK #338,Maverik,in store,False,TRANSPORTATION,TRANSPORTATION_GAS
cu_00001,txn_786512fa99d46eac0db3,acc_c7c57e9122edfe7c0cf3,2026-07-12,109.84,COMCAST 8013539 UT,Xfinity,online,False,RENT_AND_UTILITIES,RENT_AND_UTILITIES_INTERNET_AND_CABLE
cu_00001,txn_22119813e4b7adb8d06a,acc_c7c57e9122edfe7c0cf3,2026-07-12,22.32,COSTCO WHSE #0683,Costco,in store,False,FOOD_AND_DRINK,FOOD_AND_DRINK_GROCERIES
cu_00001,txn_228afc0a586e42f9cb7a,acc_c7c57e9122edfe7c0cf3,2026-07-12,19.12,DOORDASH*ORDER,DoorDash,in store,False,FOOD_AND_DRINK,FOOD_AND_DRINK_RESTAURANT
cu_00001,txn_aaf3744b0ab50b4003f9,acc_c7c57e9122edfe7c0cf3,2026-07-14,26.19,SMITHS FOOD #44,Smith's,in store,False,FOOD_AND_DRINK,FOOD_AND_DRINK_GROCERIES
cu_00001,txn_6625d3c97acc8570ec1d,acc_c7c57e9122edfe7c0cf3,2026-07-15,-1413.63,DIRECT DEP DELTA AIR LINES PAY,,other,False,INCOME,INCOME_WAGES
cu_00001,txn_5d108af99fdd9d00f35e,acc_c7c57e9122edfe7c0cf3,2026-07-16,13.51,CAFE RIO #23 SLC,Cafe Rio,in store,False,FOOD_AND_DRINK,FOOD_AND_DRINK_RESTAURANT
cu_00001,txn_98f4bc107b711249caa7,acc_c7c57e9122edfe7c0cf3,2026-07-17,610.97,CHASE CREDIT CRD EPAY,Chase,online,False,LOAN_PAYMENTS,LOAN_PAYMENTS_CREDIT_CARD_PAYMENT
cu_00001,txn_8f279850dbdd93ec0006,acc_c7c57e9122edfe7c0cf3,2026-07-17,81.27,SHELL OIL 57444223,Shell,in store,False,TRANSPORTATION,TRANSPORTATION_GAS
cu_00001,txn_8320aaed3a753c2aa3a5,acc_c7c57e9122edfe7c0cf3,2026-07-18,117.3,WINCO FOODS 117,WinCo Foods,in store,False,FOOD_AND_DRINK,FOOD_AND_DRINK_GROCERIES
cu_00001,txn_0cb6c16d28b2fa3d2c71,acc_c7c57e9122edfe7c0cf3,2026-07-18,14.98,DOORDASH*ORDER,DoorDash,in store,False,FOOD_AND_DRINK,FOOD_AND_DRINK_RESTAURANT
cu_00001,txn_975b533c2c8afe86ff44,acc_c7c57e9122edfe7c0cf3,2026-07-18,52.85,MCDONALD'S F5821,McDonald's,in store,False,FOOD_AND_DRINK,FOOD_AND_DRINK_RESTAURANT
cu_00001,txn_ebbd927ff946ff86883e,acc_c7c57e9122edfe7c0cf3,2026-07-18,9.81,DOORDASH*ORDER,DoorDash,in store,False,FOOD_AND_DRINK,FOOD_AND_DRINK_RESTAURANT
cu_00001,txn_9dfd20171286a5d059db,acc_c7c57e9122edfe7c0cf3,2026-07-18,12.55,AMZN MKTP US*2K3LP09Q1,Amazon,in store,False,GENERAL_MERCHANDISE,GENERAL_MERCHANDISE_ONLINE_MARKETPLACES
cu_00001,txn_a3094eb89532a08738a8,acc_c7c57e9122edfe7c0cf3,2026-07-19,39.02,WINCO FOODS 117,WinCo Foods,in store,False,FOOD_AND_DRINK,FOOD_AND_DRINK_GROCERIES
cu_00001,txn_be5b27154bd8081956b3,acc_c7c57e9122edfe7c0cf3,2026-07-19,20.73,DOORDASH*ORDER,DoorDash,in store,False,FOOD_AND_DRINK,FOOD_AND_DRINK_RESTAURANT
cu_00001,txn_d1579354c3d740d009ab,acc_c7c57e9122edfe7c0cf3,2026-07-22,111.09,SMITHS FOOD #44,Smith's,in store,False,FOOD_AND_DRINK,FOOD_AND_DRINK_GROCERIES
cu_00001,txn_e536286d89f96a5c127b,acc_c7c57e9122edfe7c0cf3,2026-07-22,33.09,CHEVRON 0207754,Chevron,in store,False,TRANSPORTATION,TRANSPORTATION_GAS
cu_00001,txn_ae264197b586e7c5c21f,acc_c7c57e9122edfe7c0cf3,2026-07-24,22.99,HARMONS - CITY CREEK,Harmons,in store,False,FOOD_AND_DRINK,FOOD_AND_DRINK_GROCERIES
cu_00001,txn_31cb42a70156f857cc4f,acc_c7c57e9122edfe7c0cf3,2026-07-24,58.42,TARGET 0002132 SLC,Target,in store,False,GENERAL_MERCHANDISE,GENERAL_MERCHANDISE_ONLINE_MARKETPLACES
cu_00001,txn_db1dfdff7c60d85f7597,acc_c7c57e9122edfe7c0cf3,2026-07-25,14.45,DOORDASH*ORDER,DoorDash,in store,False,FOOD_AND_DRINK,FOOD_AND_DRINK_RESTAURANT
cu_00001,txn_81e8071ad156c76a67f0,acc_c7c57e9122edfe7c0cf3,2026-07-26,15.49,NETFLIX.COM,Netflix,online,False,ENTERTAINMENT,ENTERTAINMENT_TV_AND_MOVIES
cu_00001,txn_11dfd8a01c337959c221,acc_c7c57e9122edfe7c0cf3,2026-07-26,11.99,SPOTIFY USA,Spotify,online,False,ENTERTAINMENT,ENTERTAINMENT_TV_AND_MOVIES
cu_00001,txn_df26238e2fcf98a52dad,acc_c7c57e9122edfe7c0cf3,2026-07-26,17.99,HULU 877-8244858,Hulu,online,False,ENTERTAINMENT,ENTERTAINMENT_TV_AND_MOVIES
cu_00001,txn_028c429d944d2d31f79d,acc_c7c57e9122edfe7c0cf3,2026-07-27,29.53,WAL-MART #1762,Walmart,in store,False,GENERAL_MERCHANDISE,GENERAL_MERCHANDISE_ONLINE_MARKETPLACES
cu_00001,txn_46117dcb732eba988da7,acc_c7c57e9122edfe7c0cf3,2026-07-30,21.14,CHICK-FIL-A #02281,Chick-fil-A,in store,False,FOOD_AND_DRINK,FOOD_AND_DRINK_RESTAURANT
