customer_id,account_id,mask,name,official_name,subtype,type,balance_available,balance_current,balance_limit,iso_currency_code
cu_00000,acc_086afe009d2de20372b5,4410,Adv Plus Checking,Advantage Plus Checking,checking,depository,0,-165.09,,USD
cu_00001,acc_c7c57e9122edfe7c0cf3,4410,Adv Plus Checking,Advantage Plus Checking,checking,depository,114.83,114.83,,USD
cu_00001,acc_21059410dbe4dc27501a,0083,Freedom Card,Freedom Rewards Card,credit card,credit,1475.15,4124.85,5600,USD
cu_00002,acc_be07083489a6e0169f7d,4410,Adv Plus Checking,Advantage Plus Checking,checking,depository,46739.76,46739.76,,USD
cu_00002,acc_8a95d166e4ce5f1116c6,9921,Online Savings,High Yield Online Savings,savings,depository,71217.72,71217.72,,USD
cu_00003,acc_0b6192f88e20849b21c7,4410,Adv Plus Checking,Advantage Plus Checking,checking,depository,12806.26,12806.26,,USD
cu_00003,acc_9ca8a813829e18845eb8,0083,Freedom Card,Freedom Rewards Card,credit card,credit,6900.08,7099.92,14000,USD
cu_00004,acc_2eddcfa280d96055a8f9,4410,Adv Plus Checking,Advantage Plus Checking,checking,depository,83803.31,83803.31,,USD
cu_00004,acc_cc9aca23fb36d215c102,9921,Online Savings,High Yield Online Savings,savings,depository,19311.71,19311.71,,USD
cu_00004,acc_088ee0328f00aaca78b2,0083,Freedom Card,Freedom Rewards Card,credit card,credit,8005.68,2594.32,10600,USD
cu_00005,acc_7331f29d7612532cbb6b,4410,Adv Plus Checking,Advantage Plus Checking,checking,depository,698.22,698.22,,USD
cu_00005,acc_8789d22209ae4a173013,9921,Online Savings,High Yield Online Savings,savings,depository,142.57,142.57,,USD
cu_00005,acc_cc0dc4ae4faddab712d0,0083,Freedom Card,Freedom Rewards Card,credit card,credit,1291.96,608.04,1900,USD
cu_00006,acc_54e6ccf667aa0095c231,4410,Adv Plus Checking,Advantage Plus Checking,checking,depository,637.31,637.31,,USD
cu_00007,acc_9215f85894ebb0b0a329,4410,Adv Plus Checking,Advantage Plus Checking,checking,depository,2546.78,2546.78,,USD
cu_00007,acc_1087f369ef103e448702,0083,Freedom Card,Freedom Rewards Card,credit card,credit,2858.64,1841.36,4700,USD
cu_00008,acc_3be3deef99f399e15f9a,4410,Adv Plus Checking,Advantage Plus Checking,checking,depository,4745.46,4745.46,,USD
cu_00008,acc_3d4b1a8851ca95bfdff9,0083,Freedom Card,Freedom Rewards Card,credit card,credit,12037.41,1262.59,13300,USD
cu_00009,acc_4af706d2f29acac9b9bd,4410,Adv Plus Checking,Advantage Plus Checking,checking,depository,13510.74,13510.74,,USD
cu_00009,acc_90b3484e5397d6e1b48f,0083,Freedom Card,Freedom Rewards Card,credit card,credit,7100.78,2799.22,9900,USD
cu_00010,acc_fd4951ea491e7d7fd8f3,4410,Adv Plus Checking,Advantage Plus Checking,checking,depository,0,-50.9,,USD
cu_00010,acc_b5f86d534058a2743170,9921,Online Savings,High Yield Online Savings,savings,depository,180.93,180.93,,USD
cu_00010,acc_c43f200931e4fd11ab18,0083,Freedom Card,Freedom Rewards Card,credit card,credit,646.29,353.71,1000,USD
cu_00011,acc_6ba51225a3aea1f05e08,4410,Adv Plus Checking,Advantage Plus Checking,checking,depository,31878.3,31878.3,,USD
cu_00011,acc_a563586f1498914b1fd4,0083,Freedom Card,Freedom Rewards Card,credit card,credit,5628.17,1071.83,6700,USD
cu_00012,acc_f20e3840a989b83d16dc,4410,Adv Plus Checking,Advantage Plus Checking,checking,depository,1044.79,1044.79,,USD
cu_00013,acc_8b8307937e1dee48701a,4410,Adv Plus Checking,Advantage Plus Checking,checking,depository,709.54,709.54,,USD
cu_00014,acc_959ed37964b2cc5df596,4410,Adv Plus Checking,Advantage Plus Checking,checking,depository,9799.68,9799.68,,USD
cu_00014,acc_e44204c9bc447d42e2df,9921,Online Savings,High Yield Online Savings,savings,depository,1776.51,1776.51,,USD
cu_00015,acc_e5c94a592a7d5231d643,4410,Adv Plus Checking,Advantage Plus Checking,checking,depository,6541.61,6541.61,,USD
cu_00015,acc_95a8f1e4f08203205468,0083,Freedom Card,Freedom Rewards Card,credit card,credit,1528.96,371.04,1900,USD
cu_00016,acc_ff3458717f279e03192c,4410,Adv Plus Checking,Advantage Plus Checking,checking,depository,222.53,222.53,,USD
cu_00017,acc_41d3fbfac0a7b8df8b65,4410,Adv Plus Checking,Advantage Plus Checking,checking,depository,6054.97,6054.97,,USD
cu_00017,acc_8ad1bd1ba08c2720980c,9921,Online Savings,High Yield Online Savings,savings,depository,311.84,311.84,,USD
cu_00017,acc_f9a09f6d4e1ca4831ca5,0083,Freedom Card,Freedom Rewards Card,credit card,credit,2670.09,129.91,2800,USD
cu_00018,acc_007a6b987c59959733ea,4410,Adv Plus Checking,Advantage Plus Checking,checking,depository,0,-34.47,,USD
cu_00018,acc_56b6fa0258382b44276e,9921,Online Savings,High Yield Online Savings,savings,depository,133.81,133.81,,USD
cu_00018,acc_1b904241bb151857f488,0083,Freedom Card,Freedom Rewards Card,credit card,credit,1573.14,1726.86,3300,USD
cu_00019,acc_326b35391ec12ce17426,4410,Adv Plus Checking,Advantage Plus Checking,checking,depository,7562.92,7562.92,,USD
cu_00019,acc_6b1d5a69c39b8a655042,0083,Freedom Card,Freedom Rewards Card,credit card,credit,1150.8,7249.2,8400,USD
cu_00020,acc_597e6b8efe39a5f33b03,4410,Adv Plus Checking,Advantage Plus Checking,checking,depository,26793.9,26793.9,,USD
cu_00021,acc_501ad51eda78868c62d8,4410,Adv Plus Checking,Advantage Plus Checking,checking,depository,807.9,807.9,,USD
cu_00021,acc_f26cd9da44865be38cdb,9921,Online Savings,High Yield Online Savings,savings,depository,899.16,899.16,,USD
cu_00021,acc_c2edc52c7b04ed4a8754,0083,Freedom Card,Freedom Rewards Card,credit card,credit,6881.91,4618.09,11500,USD
cu_00022,acc_b01ef7ee88014ece2a04,4410,Adv Plus Checking,Advantage Plus Checking,checking,depository,8788.59,8788.59,,USD
cu_00022,acc_76b2b849530740fb128b,9921,Online Savings,High Yield Online Savings,savings,depository,7326.39,7326.39,,USD
cu_00022,acc_8985509bb8404ccd0ff7,0083,Freedom Card,Freedom Rewards Card,credit card,credit,1855.7,2744.3,4600,USD
cu_00023,acc_7e80bd040a783b337c38,4410,Adv Plus Checking,Advantage Plus Checking,checking,depository,27206.87,27206.87,,USD
cu_00023,acc_db05e8d4d13e30fe9eda,0083,Freedom Card,Freedom Rewards Card,credit card,credit,7363.68,936.32,8300,USD
cu_00024,acc_26161127ddbdd2c7fef2,4410,Adv Plus Checking,Advantage Plus Checking,checking,depository,36344.46,36344.46,,USD
cu_00024,acc_b1d758f8966415b33a10,9921,Online Savings,High Yield Online Savings,savings,depository,11808.39,11808.39,,USD
cu_00024,acc_61765d0f353d8a6a9436,0083,Freedom Card,Freedom Rewards Card,credit card,credit,17190.3,3409.7,20600,USD
cu_00025,acc_15f1c247e0742efc6771,4410,Adv Plus Checking,Advantage Plus Checking,checking,depository,9125.64,9125.64,,USD
cu_00025,acc_42aad620c1b16e86e1b6,9921,Online Savings,High Yield Online Savings,savings,depository,6485.34,6485.34,,USD
cu_00025,acc_11f794c6c27e061c6f12,0083,Freedom Card,Freedom Rewards Card,credit card,credit,11359.2,140.8,11500,USD
cu_00026,acc_a17214160b733c7cfdf1,4410,Adv Plus Checking,Advantage Plus Checking,checking,depository,5711.43,5711.43,,USD
cu_00026,acc_ccffb232713e96b070b6,9921,Online Savings,High Yield Online Savings,savings,depository,2824.35,2824.35,,USD
cu_00026,acc_e4295ffb60e3b7138a9f,0083,Freedom Card,Freedom Rewards Card,credit card,credit,8387.65,5612.35,14000,USD
cu_00027,acc_eb214a272709c8c5b6b7,4410,Adv Plus Checking,Advantage Plus Checking,checking,depository,2.56,2.56,,USD
cu_00027,acc_7038e31f5d1f7a742298,0083,Freedom Card,Freedom Rewards Card,credit card,credit,4282.47,2917.53,7200,USD
cu_00028,acc_e16e68df9413ce2d1c00,4410,Adv Plus Checking,Advantage Plus Checking,checking,depository,18575.67,18575.67,,USD
cu_00028,acc_86a16a23efa40fc08384,0083,Freedom Card,Freedom Rewards Card,credit card,credit,5611.22,1188.78,6800,USD
cu_00029,acc_b6117c45c9625d4a2ca1,4410,Adv Plus Checking,Advantage Plus Checking,checking,depository,456.12,456.12,,USD
cu_00029,acc_ed8edcefd81b8953e94f,0083,Freedom Card,Freedom Rewards Card,credit card,credit,926.05,773.95,1700,USD
